Date,Weekly,Monthly,Quarterly,SPY,QQQ,DIA
2024-06-03,1.0,1.0,1.0,1.0,1.0,1.0
2024-06-04,1.0001992719068862,1.0001992719068862,1.0001992719068862,1.001117860152461,1.002736480547772,1.0032879747821832
2024-06-05,1.0003987078910936,1.0003987078910936,1.0003987078910936,1.013016194461469,1.022951524220549,1.0059289507396256
2024-06-06,1.0003987078910936,1.0003987078910936,1.0003987078910936,1.0129972416560866,1.0225983882774914,1.008000160813796
2024-06-07,1.000797251704866,1.000797251704866,1.000797251704866,1.0117659015813985,1.0216936176781497,1.0058253495441671
2024-06-10,1.005092327785937,1.0009966056504127,1.0009966056504127,1.0148919299191592,1.025820405246105,1.0078965596183378
2024-06-11,1.0095016124978775,1.0011959595959596,1.0011959595959596,1.0173360126282542,1.032860411339111,1.0044790223042064
2024-06-12,1.0249993511179143,1.001395477618828,1.001395477618828,1.0256914753361221,1.0463884488573398,1.0037540580864968
2024-06-13,1.0283647893030214,1.00149499051428,1.00149499051428,1.0277566203926027,1.0520602486776096,1.0016572122098366
2024-06-14,1.0295087114672836,1.0019932933394866,1.0019932933394866,1.0283820629702223,1.0575110410234068,1.0005697658832722
2024-06-17,1.0397520706359258,1.00209297031226,1.00209297031226,1.0365668319746146,1.070465479142504,1.006058431888074
2024-06-18,1.0433429381197579,1.0023920012305805,1.0023920012305805,1.0392005611925674,1.0707965143381142,1.0075081161729933
2024-06-20,1.0347228716292827,1.0024917602420147,1.0024917602420147,1.0363774223758242,1.0625428031976034,1.015094197738955
2024-06-21,1.03117236052292,1.0028904681331083,1.0028904681331083,1.0349880632862603,1.0596958869148947,1.0154679921543053
2024-06-24,1.0192290335968062,1.0029898169512388,1.0029898169512388,1.0316234665107484,1.047631666902974,1.0223182854970616
2024-06-25,1.0250986074392778,1.0031894170127678,1.0031894170127678,1.0355963298840019,1.059611904074595,1.0146373107701379
2024-06-26,1.0239501869272183,1.003289176024202,1.003289176024202,1.036888911211082,1.0618002180833748,1.015208460172909
2024-06-27,1.023818823095838,1.0033886068809932,1.0033886068809932,1.0385232353102136,1.0645410507783366,1.0160387346395765
2024-06-28,1.0261958931396031,1.0037873147720868,1.0037873147720868,1.0344367735596993,1.0590150478889189,1.0149228040880234
2024-07-01,1.025626815160219,1.0041778187971087,1.0041778187971087,1.0365656474242781,1.0652263099538017,1.0157790398911806
2024-07-02,1.0302627505923272,1.0042779059631857,1.0042779059631857,1.0435414643553405,1.0764108522150209,1.0205277671142787
2024-07-03,1.0424186843732428,1.0045782495000775,1.0045782495000775,1.048198168637798,1.085384979720013,1.0193341967037568
2024-07-05,1.0494924671390538,1.0049785161257248,1.0049785161257248,1.0542429290044495,1.0967020584636162,1.0215916936093525
2024-07-08,1.0515790880935796,1.005178936573861,1.005178936573861,1.0554592252898654,1.099310422678494,1.0209687843006021
2024-07-09,1.0525060287188128,1.005178936573861,1.005178936573861,1.0564856381563563,1.100260754818727,1.0196196900216423
2024-07-10,1.0625890907982518,1.0053790288673543,1.0053790288673543,1.0669398871502584,1.111732674799061,1.0308295346906529
2024-07-11,1.048025824280274,1.005579285238169,1.005579285238169,1.057740195417638,1.0873522182520206,1.0317896158397684
2024-07-12,1.0520278827997656,1.0060798851458757,1.0060798851458757,1.0644119382773463,1.093740218294182,1.038769715864973
2024-07-15,1.0484949573203808,1.0060798851458757,1.0060798851458757,1.0673391990686592,1.0966800257184692,1.0440631428533529
2024-07-16,1.0616956126642267,1.0062800594780297,1.0062800594780297,1.073668488426114,1.0970999399199677,1.0630054780047664
2024-07-17,1.0435106566278074,1.0063802286827674,1.0063802286827674,1.0586145120209354,1.0648947307397931,1.0688958529654071
2024-07-18,1.0321317455499863,1.0065803209762607,1.0065803209762607,1.0504790203105372,1.059855148301115,1.0553766701013214
2024-07-19,1.0219020568953532,1.006980915756551,1.006980915756551,1.0435035587445758,1.0504609705900247,1.0460930914930395
2024-07-22,1.0283736149767257,1.0071811721273658,1.0071811721273658,1.0542617633547984,1.066110475856293,1.049208451871792
2024-07-23,1.0235369011109023,1.0072812592934428,1.0072812592934428,1.0526081310851834,1.062352736769557,1.0474949222799783
2024-07-24,1.0086571098616999,1.007381264420859,1.007381264420859,1.0287534195006838,1.024245879995661,1.0349817208589898
2024-07-25,1.0038408881833774,1.007581438753013,1.007581438753013,1.0233933292284718,1.0129506979926057,1.0371105504511373
2024-07-26,1.0142028357880026,1.0078817002512441,1.0078817002512441,1.0348548013734153,1.0233396813480227,1.0539332523458997
2024-07-29,1.0098103045169988,1.0081821258267967,1.0081821258267967,1.0354631864261907,1.0253952548675191,1.052739193634378
2024-07-30,1.0156575417933378,1.0081821258267967,1.0081821258267967,1.0302171683513741,1.0113151066769073,1.0576717661839026
2024-07-31,1.0172311830226033,1.0082822129928737,1.0082822129928737,1.0469628010919665,1.0412436668608127,1.0604754277577797
2024-08-01,0.9981817047903867,0.9984549664885377,1.0086140593754813,1.0321367321715111,1.0160231779038762,1.0468200089147486
2024-08-02,0.9758131541298669,0.9841195887766148,1.0091167922883666,1.0129201274291875,0.991907998328503,1.0309840005735909
2024-08-05,0.9566233060689151,0.9567396417963362,1.0092171255704256,0.9834199081689202,0.962333050103754,1.0041923896173208
2024-08-06,0.9610312089131259,0.9654682243629843,1.0094185304824905,0.992486871036347,0.9715283210878187,1.0123699664610457
2024-08-07,0.9616577493175821,0.9611190072144219,1.0094185304824905,0.9858529745598869,0.9610068012500178,1.0066843523863227
2024-08-08,0.9694005113970693,0.9768030608002154,1.009720432753936,1.0086434268946474,0.9904050114974884,1.0242080103663045
2024-08-09,0.9728240742260325,0.9806032662257876,1.0100220068707386,1.0130910580427301,0.9955772664231499,1.0258436559486492
2024-08-12,0.9729659423098649,0.9770786848380645,1.0102230015895,1.0136233949639084,0.9977212429324354,1.022260991513084
2024-08-13,0.9786590586191329,0.9869987208425586,1.0104241603855826,1.0302930980279374,1.0224774801883791,1.0326973673984041
2024-08-14,0.9811464464599394,0.9912874772244153,1.0106253191816652,1.033543267240953,1.022809127404688,1.0386683120240128
2024-08-15,0.9809152448910603,1.001112982491165,1.010725816541046,1.0512585728869226,1.0486485052924481,1.0536996003174928
2024-08-16,0.9852135234577583,1.0042259888942058,1.0111281341332112,1.0536154726912585,1.0499967868913318,1.0567837094322574
2024-08-19,0.9947513847606484,1.0138443488114224,1.0112284674152705,1.0636894810271762,1.063789557362829,1.0629412664232913
2024-08-20,0.9948083683345494,1.0094469344140289,1.0113293749679548,1.0619599190809978,1.0615570418591547,1.0615124976978636
2024-08-21,0.998872314784585,1.0174165916572264,1.011630785007436,1.0656094002124141,1.0665084253149433,1.062629649001916
2024-08-22,0.9927535059713544,1.0159535109300013,1.011630785007436,1.0572458825622586,1.0495989734372808,1.0587063132354873
2024-08-23,1.0036810102439218,1.0305764530519943,1.0120333487155835,1.0684794472224788,1.0609823544232257,1.0700082840264609
2024-08-26,1.0049817571301927,1.030439511853751,1.0122343434343448,1.0659325455441842,1.0506819780644971,1.0723207961780348
2024-08-27,1.0063806481084305,1.0292536713772344,1.0123345946777431,1.0673961759398405,1.0538207602181096,1.0727626271993578
2024-08-28,1.0055286011259725,1.0289182102965835,1.012435338153106,1.0611995562200625,1.041862555791636,1.0687354460869707
2024-08-29,1.0064222329779766,1.0313818259721728,1.0125359995898078,1.0612947940671091,1.040337468213174,1.0754125553417964
2024-08-30,1.0134164451949588,1.0406225587882043,1.0130385684253715,1.0714257792742077,1.0527376875885934,1.081388627127903
2024-09-03,1.0078267345966687,1.024012627744659,1.0134829718504856,1.0493766777674833,1.0207755866303392,1.0659033002881049
2024-09-04,1.0108294712031214,1.0257312622925805,1.013584125519152,1.0472289695525556,1.0181230889228667,1.0663451313094279
2024-09-05,1.0060249948607853,1.0193982688120087,1.013887012254526,1.0446818309641936,1.0190735570676994,1.0612524774154675
2024-09-06,0.9955359502886696,1.0078562050158741,1.014291216735888,1.0270996687760354,0.9917753938438192,1.0508859285731191
2024-09-09,1.0029323183722811,1.0166402606003944,1.0143920422499115,1.0385994018968447,1.004529157176095,1.0627854984043534
2024-09-10,1.005059879135342,1.0176431951091256,1.0145940214326015,1.0431230811765244,1.0138128311499488,1.0607328437681756
2024-09-11,1.0050512343235187,1.0176799921420283,1.0145940214326015,1.0538245458256332,1.035828235710931,1.0633570547246245
2024-09-12,1.0090200704542946,1.0260740654445937,1.014695093062607,1.0627013291365508,1.0459960075849757,1.0703723124218147
2024-09-13,1.0160167815685974,1.04016491740002,1.0153011946879982,1.0682514212827214,1.0506819780644974,1.0780888517382243
2024-09-16,1.0206274450477255,1.0475612793106257,1.0155031738706881,1.069829242330807,1.0460402090798704,1.0844283008516855
2024-09-17,1.0178274698858114,1.0506735677312713,1.0155031738706881,1.0702663414049387,1.046592795768352,1.0841166834303104
2024-09-18,1.013868599624861,1.048448832309887,1.0158060606060622,1.067091983413453,1.0420615305209615,1.0813363789209238
2024-09-19,1.022359726499248,1.0596920096180527,1.0160084499820556,1.0853013650047352,1.0684091575977093,1.094899020573992
2024-09-20,1.0255980478344136,1.0599367085343163,1.016412162231453,1.0834252741819441,1.06637568482566,1.0959622960010662
2024-09-23,1.0274712053305033,1.0654315582506328,1.0167152950828093,1.0861325639757873,1.069202336423017,1.0973694980990025
2024-09-24,1.0451337387860329,1.0659079036545578,1.0168162846741544,1.0892402317833338,1.074359766847314,1.100027320440938
2024-09-25,1.0404553926089262,1.0600951731518369,1.0168162846741544,1.0868380821561474,1.0753557965330378,1.0921837414810796
2024-09-26,1.04944050289817,1.0641784794894313,1.0169172742654995,1.0911468840048042,1.0834350817744647,1.0986983278864704
2024-09-27,1.04237609601317,1.069096119016227,1.0173211505922184,1.0895643247553732,1.077414430156027,1.1021642069995823
2024-09-30,1.0383701328607058,1.0704043324575587,1.0173211505922184,1.0939305772953452,1.080336148968557,1.102607340156905
2024-10-01,1.044349237652684,1.0678110630702173,1.014856485869806,1.084130555452237,1.065284451920163,1.0983856524795959
2024-10-02,1.0580896787431335,1.0683929157791412,1.015409483507585,1.0845881472471883,1.0667896828270722,1.099454136450668
2024-10-03,1.0455539070917372,1.063428174696707,1.0106909524280459,1.0826054468941213,1.0659926958729735,1.0944248803031822
2024-10-04,1.0533298012626686,1.0699661829200764,1.0169047296397924,1.0924432558929609,1.0786760768249173,1.1033629859541025
2024-10-07,1.050950103834742,1.0617102186173557,1.0090581927293814,1.0825673043732895,1.0671216020525804,1.0934604044450686
2024-10-08,1.0427515221030397,1.0619329689871853,1.0092698965273375,1.0928056098408658,1.0830586210425628,1.0965616040948265
2024-10-09,1.045513175697089,1.0667149444572885,1.0138147256538976,1.1003748864904648,1.0915806012559337,1.107636514920891
2024-10-10,1.0415127995638473,1.0630668154509735,1.0103475136054445,1.0984491630085786,1.0903411233367906,1.1066204419237982
2024-10-11,1.052533636819728,1.0724923550826775,1.0193056246036152,1.105027089481644,1.092045464977625,1.1172265024065504
2024-10-14,1.0608930956637093,1.080105767750028,1.026541475113394,1.1140641424530768,1.1012092508968647,1.1228551480312963
2024-10-15,1.0553906659271153,1.0752608730056483,1.0219368469869976,1.1054083962349315,1.0864896770808783,1.1141254655237927
2024-10-16,1.063235097766923,1.0849697963758018,1.0311642882392758,1.1102129323993717,1.0866224175701615,1.1224120962574737
2024-10-17,1.0642756050750648,1.0825958770918578,1.028908095673416,1.1103081702464184,1.0873749990224661,1.126920253854668
2024-10-18,1.06777057487187,1.0860169080297633,1.0321594718351428,1.1145790664843103,1.0945024560730636,1.1278039972808143
2024-10-21,1.0681738565461412,1.0802748432339355,1.0267021658548365,1.112748817759538,1.0966052911909472,1.1192798081107282
2024-10-22,1.075333755758638,1.0764720351458972,1.0230879455249147,1.1121577271416743,1.097800499612896,1.1191233890237908
2024-10-23,1.0583603555809538,1.0717229994381963,1.018574422621593,1.101995351350661,1.0809780906790258,1.1083053245236236
2024-10-24,1.0599333567552072,1.0685155481161335,1.0155260342972128,1.1043786666274988,1.0897435191258158,1.1047078482910644
2024-10-25,1.0525902991098022,1.0635864657962206,1.010841393601164,1.1039973598742114,1.096383943704975,1.0978258153833207
2024-10-28,1.0587574364933208,1.0685347689672748,1.015544301953467,1.1074102863034483,1.0965610216937525,1.1054637382387618
2024-10-29,1.0658973571001222,1.0630970067908392,1.010376207705121,1.1092025109624222,1.1070972300283182,1.101371124792401
2024-10-30,1.0541493952087817,1.0617653083914158,1.00911055050731,1.105846916769467,1.0987302270562778,1.099416048972684
2024-10-31,1.0317714518284944,1.0496265922509396,0.997573814064559,1.0841688164281031,1.0709952170582395,1.0887803648959435
2024-11-01,1.0293048829104818,1.0526942049218087,0.9971219754311049,1.0887446159225846,1.078919525058336,1.0959491118740725
2024-11-04,1.0176631170303787,1.0433903435929646,0.9954296692256359,1.0863995616216127,1.075776390757534,1.089770802090547
2024-11-05,1.0345304711552048,1.0578456465238621,1.0064764854602795,1.0995358694871928,1.0894999348877965,1.10084970070811
2024-11-06,1.073389982998612,1.0842224254506654,1.0245511110237073,1.1268765942566852,1.1190942637679993,1.1397691622130228
2024-11-07,1.0770267233542425,1.0905143481139754,1.0274389842827834,1.135589791166146,1.1367136596559682,1.1401864154173558
2024-11-08,1.0784904073363724,1.0903588532432096,1.0352218852754775,1.14050899180315,1.1380416765695,1.147276952852016
2024-11-11,1.111113116339926,1.1147984764421917,1.0385404126359248,1.1415955798267299,1.137377702113884,1.1548365033969883
2024-11-12,1.1092065122794907,1.1194121790070162,1.0302719863382812,1.138049391484648,1.1353191364931947,1.1453997610417677
2024-11-13,1.1052449296040512,1.1137645266641802,1.0314539970823733,1.1386022211266458,1.1338582430857795,1.146494857417329
2024-11-14,1.088349980210436,1.1097925818447971,1.0226020618204186,1.1312808708624555,1.1259782045828775,1.140994390805032
2024-11-15,1.0801262503814963,1.1102798802933314,1.0173871504003555,1.1167907404174033,1.0991508212807743,1.1333674547220867
2024-11-18,1.0894540032208033,1.1150739547083415,1.0224189844582852,1.1213665399118846,1.1067872755456576,1.132532866929921
2024-11-19,1.0949976577907556,1.1218871367043592,1.024225477043694,1.1254659132610656,1.1144016970653934,1.1290114028863314
2024-11-20,1.0974444615578474,1.1302776701539274,1.0255160097776135,1.1258471015593194,1.1137598233572246,1.1327935382803167
2024-11-21,1.1105096159005117,1.140928837191203,1.0359584963731623,1.1318910327407357,1.1177661788521673,1.1450008191249277
2024-11-22,1.1290351242976815,1.145270410424355,1.0416623821353992,1.1353990785619856,1.1195591954919901,1.1559299721025507
2024-11-25,1.1303052723223692,1.141019210848767,1.0475900272206782,1.1392506439807917,1.121329907377466,1.167406917418454
2024-11-26,1.1185517435166084,1.134066431367595,1.0512663813509278,1.1451992188601274,1.1273506269982037,1.170850090535075
2024-11-27,1.1296972970110968,1.144462048063926,1.0498514389110014,1.1417289601946086,1.1184744228049779,1.167876418829766
2024-11-29,1.1363767123452566,1.1511997046064864,1.0543994426277383,1.1488215737888399,1.1283023871867333,1.174005898513311
2024-12-02,1.1331772293741478,1.149639261998588,1.0488365526045416,1.1508806776386047,1.1405872746616277,1.1704848413872213
2024-12-03,1.1299390240565172,1.1529227909257826,1.045407110445884,1.1514144360201866,1.144084428935385,1.1682677920811093
2024-12-04,1.1417610774918368,1.1660605898867964,1.047965403635365,1.1585641449406325,1.1582287712970438,1.1762231919699233
2024-12-05,1.1383941023408726,1.1684899108685345,1.0449617030898644,1.1566578480842633,1.1550190627447006,1.1703022981967945
2024-12-06,1.153103479368205,1.175070090096623,1.0422798419673402,1.1588502138468733,1.1653562283476413,1.1663374568453826
2024-12-09,1.1327702882910446,1.1631375113557398,1.037870540308056,1.152882686162155,1.1562807774158907,1.160938149923545
2024-12-10,1.1183637487621712,1.1666631092901116,1.0334682296604352,1.1492982368442073,1.1523408601678895,1.157312433616497
2024-12-11,1.139665743683561,1.187890433946556,1.0332015668030605,1.1581830750974125,1.1729704458604777,1.1542345910312297
2024-12-12,1.1331591595066604,1.1790260382368767,1.02772305682882,1.1522154289576607,1.165400429842536,1.1483916626510697
2024-12-13,1.1326371599621197,1.1747298484729323,1.028452462467993,1.1519865738326682,1.1743208355306562,1.14604423697801
2024-12-16,1.146731087164383,1.198056615968739,1.0284575819951376,1.1569055375596047,1.1912316474543154,1.1434358144205545
2024-12-17,1.144217124725329,1.1964244223196852,1.022294884081575,1.1521391439159965,1.1859858140402293,1.1361323777499797
2024-12-18,1.1034877953164068,1.162245096717188,0.9935094437409557,1.1178012803093864,1.1431991749960968,1.1065272578163365
2024-12-19,1.1022374709146192,1.1582276455082576,0.9928051210903714,1.117457879166864,1.1381081148164416,1.1073358028885127
2024-12-20,1.1125816567589242,1.1682793644000287,1.0051855161086998,1.1308799005735837,1.1480466509377332,1.1210250772675303
2024-12-23,1.118570815925624,1.166250700311787,1.0082189920112614,1.1376518563917515,1.1592316692150513,1.1219404788751637
2024-12-24,1.12528456849682,1.1853357289111668,1.0178519106058495,1.1502966943227588,1.1749506728317536,1.1313839760608815
2024-12-26,1.12861842074535,1.1793096325711094,1.0191913644683537,1.150373571639591,1.1741525978408573,1.1332412289136375
2024-12-27,1.1216111237105393,1.1679767739157023,1.0126321137028813,1.1382639135505692,1.1585444379728906,1.1248440793870007
2024-12-30,1.116382220980513,1.1650169690201821,1.0026832263173002,1.1252746083817364,1.1431359328572477,1.1137786904304323
2024-12-31,1.1128079907381292,1.166297356039797,1.0028700408977063,1.1211806839641028,1.1334251364381127,1.113072607184715
2025-01-02,1.1088035335146749,1.1605149486535848,0.9978978928414092,1.1184260121568035,1.1312081934611011,1.108625487212496
2025-01-03,1.1197081596514646,1.166181567198392,1.0027704769575894,1.132410221153179,1.1497205955505398,1.117414905208976
2025-01-06,1.1216528425582712,1.1669132385234156,1.0033996229021036,1.1389334214007025,1.1629342584366187,1.1173365328985072
2025-01-07,1.1173870658817344,1.1657489442569864,1.0023984752680597,1.1260588991594669,1.142182540613522,1.1126277649738932
2025-01-08,1.123215080815592,1.1709909889234857,1.0069059788835446,1.1277041211216936,1.1423821953658457,1.114720541675555
2025-01-10,1.1204338374727594,1.170607371135979,1.0065761155050041,1.1104868004371466,1.1244682815172793,1.0969321431701793
2025-01-13,1.112279427244905,1.176093568510347,1.0112935599514936,1.112208781261172,1.1208545032993,1.106428132713376
2025-01-14,1.1362770648613336,1.1764442225901108,1.0115950786589591,1.113738983385734,1.1197902673068387,1.1121571241935815
2025-01-15,1.1359687543168744,1.1930902388064506,1.0259085733069697,1.1339981108791237,1.145552462584283,1.1307038541516536
2025-01-16,1.142399185108137,1.1868446400040853,1.0205381384912493,1.1318171167997433,1.1375266951528284,1.128925136376366
2025-01-17,1.1486265453783355,1.1928458520385263,1.0256984312135542,1.1431806266318665,1.1567264644890274,1.1376183590758844
2025-01-21,1.1630788090833548,1.1993753858453493,1.0313130146660336,1.153644588938527,1.1635105099254441,1.1516973790362457
2025-01-22,1.156942839083122,1.2034595323699269,1.034824870515594,1.160129765120252,1.178387101051756,1.154785069025009
2025-01-23,1.1530959006560593,1.2083849637129473,1.0390601262218973,1.1664617789434806,1.1808924417823794,1.165514588277212
2025-01-24,1.153979115583497,1.2081007949233347,1.0388157765591077,1.1630565520914302,1.1742189680854989,1.1622170916255326
2025-01-27,1.1344742825506453,1.2012547423753206,1.0329290265263995,1.1466046878342653,1.140032035883452,1.1700679137168881
2025-01-28,1.143284613188451,1.2055638967484752,1.0366343610194089,1.1564569483472087,1.156881645737257,1.173443782679036
2025-01-29,1.1471502718798623,1.199602525206468,1.0315083261440152,1.1512726453449185,1.1547091082620398,1.1702246583378253
2025-01-30,1.1551006493345897,1.2055864018592584,1.0366537126035091,1.1574514968096505,1.1596308427150988,1.1745167427426064
2025-01-31,1.1467032474831798,1.1982088668258246,1.0303099540222271,1.1512914796952674,1.1579457457251185,1.1655406309972014
2025-02-03,1.1368675533380406,1.1879313901011714,1.036469321817679,1.1435438097650066,1.1486783923032258,1.1626097670128752
2025-02-04,1.152852434439698,1.2046342522524738,1.0366705677322947,1.1512150761985696,1.1627789411837888,1.1659069381305547
2025-02-05,1.1561079375563401,1.2080359803882414,1.0378353974999617,1.1558827967991556,1.1680555116374016,1.1741241487387637
2025-02-06,1.1506402339974369,1.2023226880435722,1.0348312404220477,1.1599003177200915,1.174152597840857,1.1706958688026368
2025-02-07,1.1471508598178441,1.1986765842317642,1.0378640013704241,1.1492830745999005,1.1593425129637864,1.1596002865675805
2025-02-10,1.1552975585851724,1.2115879399291591,1.044395110724623,1.1570879583114095,1.1733764195905085,1.1639442936453408
2025-02-11,1.1450884107927422,1.1957752817604217,1.0532978473308987,1.1579681976663887,1.1705830211177721,1.167424903171947
2025-02-12,1.1508524002884886,1.2039854408428696,1.0503156624195058,1.1542375748369291,1.1712702523599328,1.1609348945835463
2025-02-13,1.169348863087234,1.2277068119460013,1.051845162912749,1.166423517967615,1.1881198622137379,1.1704341394667417
2025-02-14,1.1781918477562743,1.235150265856108,1.0520376838445642,1.1663661857313332,1.1931085109298374,1.1665874669572822
2025-02-18,1.1769357847586746,1.2303527260352753,1.050554909337356,1.169790365388766,1.1958130983989856,1.166927568603646
2025-02-19,1.1657474225777864,1.217020239814491,1.0526019905760369,1.1725453925611662,1.196145765649792,1.16889037585586
2025-02-20,1.1558175989587665,1.2018270981752712,1.0568004426355815,1.1676669404557345,1.1910685779393038,1.1576899716728457
2025-02-21,1.1237200598190593,1.1541663668513797,1.0408170915668071,1.147695066418922,1.1663483819022737,1.137821736442303
2025-02-24,1.1162587705354832,1.1374949187938046,1.037269398990245,1.1424727393508334,1.1525805002725171,1.1388174635644042
2025-02-25,1.1165198437141168,1.108410823153122,1.037090594229901,1.136790925207255,1.1380588811513586,1.1430107484002248
2025-02-26,1.1226867393693334,1.1136788388508059,1.0406242847003795,1.1373648398452412,1.1408080101269005,1.1383195593116036
2025-02-27,1.1074982839542604,1.0892139624838069,1.0325410413326417,1.119210421389568,1.1091262826508772,1.1331043418666922
2025-02-28,1.1009270656096237,1.1056204101390468,1.0400570419192499,1.1366761422796579,1.126640954997096,1.1488814285538735
2025-03-03,1.104803575343655,1.1095134457595985,1.0225130975815657,1.1167616004791272,1.1019873332116072,1.1324228364379652
2025-03-04,1.1024272978545102,1.1071270379999734,1.0233979107444486,1.1035428479101337,1.0986617487403405,1.1153352312508087
2025-03-05,1.116684503074713,1.1214450228832578,1.0280758223235509,1.1154033950634106,1.1129839851183747,1.1281772220116657
2025-03-06,1.113009765435826,1.1177546195292354,1.013478748821403,1.0956037546455106,1.0823664936348127,1.1161999309379627
2025-03-07,1.1212689859866392,1.1260490498308127,1.0110628925154994,1.1017445820444443,1.0903256868147262,1.1223851583189854
2025-03-10,1.0989996219271152,1.1167532625387935,0.9886508692692799,1.0723988873755605,1.0480685816794306,1.0994005047241908
2025-03-11,1.101680242195475,1.1113777406298693,0.983398933307885,1.063484198453878,1.0455632409488071,1.0869519218021766
2025-03-12,1.1049262182019062,1.1061801735913326,0.9915799780541613,1.0691276331665571,1.0573580358487706,1.0848816069465057
2025-03-13,1.103783158026708,1.1048316506994866,0.985307276154118,1.0548754788840877,1.0383356845128486,1.0713319866534323
2025-03-14,1.1251783356445437,1.1120210538259996,1.0012386484447555,1.0766648085020396,1.0634328172978795,1.0885768247625258
2025-03-17,1.145591870008586,1.1235444452380974,1.0083406899011227,1.0849673218098703,1.0703277744853315,1.0986668324719848
2025-03-18,1.1490583369725078,1.1218672670522385,0.9987199747031279,1.0732406288446068,1.052081465395158,1.0916431922742977
2025-03-19,1.1494676051075314,1.125028222253793,1.005856853784715,1.0849290608340045,1.066159845525974,1.1018379405482148
2025-03-20,1.141769031917934,1.1168690033406163,1.0035374277802542,1.081791779268048,1.062545999305695,1.1010517759385297
2025-03-21,1.1302747920267555,1.1128825169071501,0.9987328664237293,1.0821486842844055,1.0660489337749386,1.1018421724902132
2025-03-24,1.130796442813907,1.1117718680340982,1.008636337362085,1.1015284016080513,1.0894426769513328,1.1172554749325403
2025-03-25,1.1431705256349955,1.113036386076924,1.0046622126630826,1.1041761085199737,1.0956596512094023,1.1181221278236932
2025-03-26,1.1333923652376563,1.111672461982515,1.0036538062457294,1.0909941954664422,1.075498805369596,1.1139471542753652
2025-03-27,1.1434573209254122,1.1189739823337423,1.0065465518704733,1.0880967853436065,1.069370506110515,1.1105598916232218
2025-03-28,1.1362315092693076,1.114470816877717,0.9956953656081803,1.0661844994007366,1.0412163979385767,1.09133881798442
2025-03-31,1.1426430396538791,1.1172171508132842,1.0019025605014844,1.0733415525332681,1.0411719244344828,1.10252498005494
2025-04-01,1.1453093261670793,1.1180960004907283,1.0026906989054518,1.0763731722092178,1.0495649042850612,1.1017633118787449
2025-04-02,1.1481806032787014,1.1207193858036755,1.0050433091033086,1.0831849289186886,1.0572252273571874,1.1081703092971789
2025-04-03,1.1169957443968899,1.087014277038975,0.9748171039750111,1.0298047079242396,1.0006280692412999,1.0640304218033567
2025-04-04,1.0393949372177655,1.0114801863166212,0.9070793335292319,0.9695167816430713,0.9384802914034535,1.0062627044729926
2025-04-07,1.0394984787727848,0.9959604891386231,0.8931615160937183,0.96778988493515,0.9407449719949511,0.996678495215831
2025-04-08,1.0394984787727848,0.9848985188194862,0.8832413171611592,0.9526316681003679,0.9238036270386647,0.9885646416525806
2025-04-09,1.0397053980512485,1.044162097547773,0.9363879513934823,1.0526763611845604,1.0346885171656486,1.0662886511604521
2025-04-10,1.0397053980512485,1.0370981074859849,0.9300530775284415,1.0065490234448577,0.9906808968279289,1.0389802549793892
2025-04-11,1.0402229419947697,1.064715848326083,0.9548202279815275,1.024508583370193,1.0089323060905904,1.0553389895408374
2025-04-14,1.045506360568438,1.0764662954597026,0.9653578419643069,1.034447908332862,1.0157710253760766,1.064555508145146
2025-04-15,1.052452692728754,1.0818255703116006,0.970163954359412,1.03155061666506,1.0169033996729753,1.0600655804519443
2025-04-16,1.0798630982107054,1.0938602066816658,0.9809564247266055,1.008621157348323,0.9862402106439224,1.0418423499062426
2025-04-17,1.0696587303119156,1.0958130922436835,0.9827077414187343,1.0100603860070496,0.9860625886367461,1.0281471345317275
2025-04-21,1.0864908197951275,1.0895041247792554,0.9770499598029313,0.9860182193318147,0.9616607113652568,1.0025591855399754
2025-04-22,1.0650066933036193,1.0944579575051132,0.981492478151956,1.0116722036497898,0.9869063611731332,1.0294870324751908
2025-04-23,1.0428509591141737,1.0889887058654566,0.9765877403238534,1.0273485428017135,1.009287550104943,1.04010066162344
2025-04-24,1.0598152445560132,1.1031774694162233,0.9893119976640803,1.0489732199229056,1.0376859905401985,1.0534199666116055
2025-04-25,1.0464341532205788,1.092618689848282,0.9798430521889859,1.0565523283402964,1.049254065772503,1.0535251954770635
2025-04-28,1.0530095949548166,1.0999379706316736,0.9864068667102465,1.0569551939097062,1.0489209905078976,1.0568089383172483
2025-04-29,1.0493753338784668,1.0925190684432018,0.9797537132983702,1.0636133144405457,1.055848520796972,1.0645328021486549
2025-04-30,1.046292229306648,1.0843651130018068,0.9724413758275378,1.0640353697254052,1.0557153042915897,1.067501428076966
2025-05-01,1.0408958852154908,1.0805953459048747,0.9598286582779022,1.0715762171669303,1.0695037226158974,1.0703387824198296
2025-05-02,1.0509786471601066,1.095209095673168,0.9669662856876662,1.0874828329042503,1.0853793355291261,1.0851029700664165
2025-05-05,1.054936832801418,1.0985473928484797,0.9717112808476829,1.0812467676582702,1.0789402657597866,1.0830538963042373
2025-05-06,1.0549512346977474,1.0975949344358622,0.9856591881810742,1.0722093593217366,1.0689042823428274,1.0724929222804669
2025-05-07,1.0506421691713308,1.096193781541042,0.981352808105969,1.0767185870873122,1.073100704265817,1.0798750567955104
2025-05-08,1.046773246489563,1.0925834862943753,0.977829656602506,1.084221055097938,1.0841803189783865,1.0873098464350328
2025-05-09,1.0537892011852845,1.1023580252848366,0.9905421033006834,1.0828393955855606,1.0834698309496813,1.083474242081569
2025-05-12,1.054553954140908,1.0947910783992165,0.9771344453221724,1.1186245427931845,1.1276105997904833,1.114500399308143
2025-05-13,1.0608842186625091,1.0978492009842917,0.9844031714475581,1.1260118725111123,1.1447962770100868,1.107354765244005
2025-05-14,1.0615481374142244,1.098651903493407,0.9723841434693641,1.1274508642597716,1.1516570290407204,1.104832527813015
2025-05-15,1.06655431238226,1.107850095307915,0.9847265108429919,1.1329577203186636,1.1529228238499007,1.1125301861574322
2025-05-16,1.0666461906794569,1.1089850402864856,0.9825081939863133,1.1401338447116114,1.15794084955953,1.1214480273168606
2025-05-19,1.0775195887963098,1.11782650532564,0.9863875850527515,1.1413810577608074,1.159050919102082,1.1253655034712915
2025-05-20,1.0847033361692946,1.123790111105025,0.9963201279818218,1.1375435884910046,1.155187572443698,1.122552401411418
2025-05-21,1.079165051676783,1.117591507239248,0.9921785078179666,1.1183750764923388,1.1391342695209932,1.1009410943785736
2025-05-22,1.0782800836907505,1.1166999211215234,0.9858350218399831,1.1188164399476817,1.1412658696117084,1.101124939705
2025-05-23,1.077624982039807,1.1206169061908209,0.9978516233478268,1.1111795254738743,1.1306968841686207,1.0945786137346218
2025-05-27,1.083362815029638,1.1288643052198457,0.9983135115026465,1.1342816922296586,1.1572967317754668,1.1143495956827034
2025-05-28,1.078738487200176,1.1225039466484694,0.9940651585782866,1.1277195202760675,1.152167726312502,1.107960828168262
2025-05-29,1.0834427503592141,1.1248525396779883,0.9969135681883503,1.1321710604402602,1.154432610910899,1.110694988233167
2025-05-30,1.0814098207541691,1.1213102182718757,0.9954525550328183,1.1309046576756145,1.1526117813304426,1.1117205017162564
2025-06-02,1.105577739110227,1.1302121006938413,1.0213050929262604,1.1372749324747087,1.1617155212189256,1.113981335345351
2025-06-03,1.098196727170126,1.1221775926409476,1.0220203382779531,1.143760345566501,1.1707965483392628,1.120028454926929
2025-06-04,1.1022295232544388,1.1284082217482336,1.015010334384875,1.1434534285743398,1.1740605227268766,1.1172153528670556
2025-06-05,1.104739635046656,1.1297997587945512,1.0202928810300969,1.137927382799998,1.1652234878583574,1.114664956745077
2025-06-06,1.0990086734963542,1.1274700055134594,1.020953414199145,1.1496126165034877,1.1766138730811855,1.1262594198349336
2025-06-09,1.106848576082922,1.1298152270688926,1.0222182653795557,1.150648742682737,1.1783460276626534,1.1262066833269548
2025-06-10,1.1056675949912644,1.134522777817491,1.022749549040261,1.1571726536604625,1.1861393632332624,1.1294931932061385
2025-06-11,1.1080905820188511,1.1343840139866808,1.028432542930082,1.1538723779682172,1.1821425960625966,1.1294668249521491
2025-06-12,1.1055664175619864,1.141787983122857,1.0403879663589626,1.1584581276855241,1.184918041928176,1.131806763343212
2025-06-13,1.0958520438051154,1.1226371862554338,1.045259732099325,1.145506491217389,1.1700418588156631,1.1116151100837988
2025-06-16,1.0967606117374555,1.1256147805114993,1.0379771580566255,1.1564050650424749,1.1863169852404387,1.120738363197145
2025-06-17,1.0909843475897967,1.1110063751034016,1.0393289121621405,1.1465235461362222,1.1747488420058345,1.112403960348983
2025-06-18,1.086827772119814,1.1115653061125563,1.034847638038151,1.1463507202421415,1.1745490512489112,1.1116940520787675
2025-06-20,1.0763117477822177,1.1099865745571706,1.0323959488268097,1.1436585926926042,1.1697531210505518,1.1120079482381418
2025-06-23,1.090203883461806,1.1160073290732828,1.033390069909631,1.1549548200656197,1.1817810958366592,1.1224484746819603
2025-06-24,1.1142366973633162,1.1350721300993287,1.0234108798026884,1.1677139671040897,1.1998528430231492,1.1358162028526066
2025-06-25,1.1074160268134452,1.1278414528941567,1.0186779635334944,1.1683681942548836,1.202920154759632,1.1333641993820887
2025-06-26,1.1181127063503975,1.1398941575128578,1.0301897625117795,1.1775094876559193,1.2141680071620002,1.144094939386791
2025-06-27,1.1065804478641847,1.1432815813442498,1.0182467543825846,1.1833597448573339,1.2183247157418844,1.154826004925493
2025-06-30,1.1116261695875984,1.1529620708501582,1.0269439499612933,1.1890175126290834,1.2262158386196602,1.1618131039316946
2025-07-01,1.104985495102799,1.1480786758413974,1.0225943073439778,1.1886327706798205,1.2158794890443176,1.1729921856377172
2025-07-02,1.1077705095906503,1.1530937964031451,1.0270612779837107,1.1940211717050726,1.2243486314707144,1.1725175570659072
2025-07-03,1.1152024199339856,1.1569637466756157,1.0305082448176104,1.203431831852606,1.2363964629283744,1.181429213079338
2025-07-07,1.104843885190014,1.147614710045866,1.022181052754988,1.194463719710752,1.227082867942592,1.1706456551831568
2025-07-08,1.1079536888018309,1.1567135019610286,1.0302853517128392,1.193809492559958,1.227772003249148,1.1663743235708675
2025-07-09,1.1154075696704697,1.1687971881508958,1.0410482976411164,1.2009683225179941,1.236463241186815,1.1720165602401076
2025-07-10,1.1127422481790474,1.162633000495148,1.0355578523094424,1.2043553072948638,1.234684981046057,1.1772370676125168
2025-07-11,1.1079312311836569,1.1547071812928758,1.0284983207914118,1.200121605937535,1.2319062710700857,1.1695117388781109
2025-07-14,1.1111528677554714,1.15767382892096,1.0311407154636683,1.202411697102898,1.236374294178627,1.1721747697640443
2025-07-15,1.1010155455137238,1.1440903893108494,1.0190419383399927,1.1972734731086938,1.237507892516923,1.1604946912322223
2025-07-16,1.1164773431352553,1.151793533966126,1.0259031335166735,1.2012761871504245,1.2387749113675006,1.1663215056793885
2025-07-17,1.1297004808500104,1.1586058907011858,1.0319709034034046,1.2086276249931593,1.248799946414186,1.1738621752523686
2025-07-18,1.1286409665711699,1.1578676862222628,1.031313384268447,1.2077424105267673,1.2475997058220492,1.1691698467947478
2025-07-21,1.1202610180495913,1.1618605332661684,1.0348698153241853,1.2100325016921305,1.2540682205872185,1.1696446381335575
2025-07-22,1.122036526857005,1.1646557892675613,1.0373595513803826,1.2102056829513121,1.2475775370723021,1.1736539148759517
2025-07-23,1.1328082054914241,1.1894758366953364,1.059466781260817,1.220501439110204,1.2532679695227276,1.1875014801624058
2025-07-24,1.1289920098306772,1.1776091919708305,1.0488971542849828,1.220905607684984,1.2559354277361645,1.1793247171536807
2025-07-25,1.1344582098131488,1.180611661860602,1.0515714558654055,1.226063021394638,1.258958537977753,1.1843626813356631
2025-07-28,1.1276842059514007,1.1590341206563382,1.0323523280597353,1.2257552752172411,1.2628928790371676,1.1825691517633814
2025-07-29,1.1242101710035115,1.159804436347643,1.033038448669204,1.2225221635290697,1.2609368608846336,1.1776631102348463
2025-07-30,1.122490853854073,1.1543212945100128,1.0281546112219044,1.22098260345685,1.2626263100218036,1.1731263870291633
2025-07-31,1.1170171657307957,1.1418272502669358,1.0170261591501761,1.216402421126124,1.2559354277361647,1.1640790647212869
2025-08-01,1.1033933459548348,1.1198548494458829,1.0114974690618868,1.1964651359591343,1.2311949670137832,1.1492817539902132
2025-08-04,1.1144573669900433,1.1458711557397916,1.0240900865445484,1.2146510634537557,1.2539126313251903,1.1653452292137798
2025-08-05,1.1107684309902548,1.131871585409087,1.0257140086099283,1.2084929416199108,1.2453990153946994,1.1635779865119877
2025-08-06,1.1119036145583885,1.141050982942437,1.0356509386841457,1.2177496102237122,1.2610702813969157,1.165767202661111
2025-08-07,1.1175408488879963,1.1647243891299968,1.0450972748002332,1.2167295939290377,1.265337969730135,1.159832473692988
2025-08-08,1.1204385194480184,1.1826097196885776,1.0491243559863053,1.2262171313934034,1.2771414009221778,1.1656353613911639
2025-08-11,1.1154394233160934,1.2004865733350594,1.0429460380450457,1.223792238399758,1.2733625131201922,1.1605975599761815
2025-08-12,1.1281105440009291,1.2280595247128057,1.0547552617076301,1.2368207521847256,1.289367126396213,1.1729152782302483
2025-08-13,1.1309280169880647,1.2506040407377959,1.0605887238549403,1.2410545719970882,1.2900117881986752,1.1854177370292411
2025-08-14,1.1253191841954007,1.2290652692418762,1.057674692622541,1.2411700656548872,1.2890116103726612,1.1847319182750158
2025-08-15,1.13281387063123,1.212834961088561,1.061646751058826,1.2382641267696297,1.2833432106673832,1.1864106157288437
2025-08-18,1.1344503804824757,1.209137318762929,1.0606425452459558,1.2379947600231322,1.2828318333726032,1.185143800168351
2025-08-19,1.1238130876768682,1.1930727734583992,1.0596973025340368,1.2312783596157417,1.2654270527429223,1.1857772079485973
2025-08-20,1.1319617494614003,1.2133442985608147,1.0610886159642914,1.2280067500416372,1.257913886647645,1.1859619484935233
2025-08-21,1.132349183963001,1.1973083096694421,1.055894711316867,1.2230802051925478,1.252089897680338,1.1822406879575136
2025-08-22,1.1578138213399238,1.2602827781536057,1.0684857060086688,1.2418627906916142,1.2714064949676582,1.2051755348503281
2025-08-25,1.1380357841177764,1.2179762774286589,1.0557289963063847,1.2363972754394625,1.2677387229236077,1.1957535229086016
2025-08-26,1.150127629439086,1.2354496586367278,1.0567185594999475,1.2415741157746336,1.2728291030802648,1.1995011516986005
2025-08-27,1.1442297243358646,1.231848115905851,1.051669439442205,1.244403058888025,1.2747852572373986,1.2035655250704729
2025-08-28,1.1445202353653463,1.2191337749979867,1.0547612613445188,1.2488100599595693,1.282765327123362,1.2055713841941695
2025-08-29,1.1505073601741156,1.2079536126715007,1.0483359424774206,1.2413624366295188,1.2679166169399838,1.2037238973614095
2025-09-02,1.163095368696645,1.198856635800675,1.037549611210177,1.232163574082134,1.2572913935949301,1.197178710760031
2025-09-03,1.167614887277151,1.2189854301595044,1.0387853775764886,1.238841358148558,1.2671831441339334,1.196254926651901
2025-09-04,1.16333953100145,1.20126703987329,1.0451838994760076,1.2491950388188997,1.2786529560429722,1.2062576098658948
2025-09-05,1.17755353014598,1.2083287493052932,1.048262308757329,1.2455768298163645,1.2804978584375712,1.2008206223835722
2025-09-08,1.185163306955301,1.2004169427211695,1.0591876272838774,1.2486369971554214,1.2867441416868708,1.204014192305793
2025-09-09,1.1772660258155674,1.2030621394967327,1.0550087311887466,1.251523509415162,1.290389744981174,1.2087913223703797
2025-09-10,1.19091282992441,1.2147812905111697,1.0527303855979688,1.2551414815076298,1.2908120392631666,1.2033015983800783
2025-09-11,1.2079298222067274,1.2280481372336005,1.0660049909291784,1.2655719210397702,1.298325205358444,1.2191106687827469
2025-09-12,1.2027799201246558,1.2519989897713018,1.0630846880982732,1.2651484442945071,1.3040601113129635,1.2122485748324952
2025-09-15,1.2168245195146214,1.2380386479730594,1.0731385539520584,1.271884152872381,1.3152188807025442,1.2142279843187023
2025-09-16,1.217105789500809,1.2300365422338304,1.0701777792438967,1.2701329136550465,1.3141075871185952,1.2108234683645658
2025-09-17,1.2089537264568437,1.2331694229193513,1.0639996765913948,1.268554855696894,1.3114846024092524,1.2173686549659444
2025-09-18,1.2237304141922134,1.238176977088261,1.0688759861521164,1.2744821086701745,1.3233100663464428,1.2209844424859964
2025-09-19,1.2403585545748037,1.226722964258166,1.0645124520864149,1.280794458957819,1.3322681453086733,1.2252933732752704
2025-09-22,1.2582548165835885,1.20383399056449,1.0689038114501062,1.286853907748642,1.3401551880484588,1.2272256617149966
2025-09-23,1.2494101089741123,1.2093652462624103,1.0695188156677686,1.2798489508793043,1.3312535509950936,1.2251079816623447
2025-09-24,1.2384251121574565,1.2128183578392566,1.062541525998573,1.2757769406428943,1.3265800249364421,1.2202114620033058
2025-09-25,1.2367462159307352,1.1838065380021254,1.053875209609258,1.2698911469313876,1.3208607595108854,1.216003121219991
2025-09-26,1.244974440833424,1.2013783484908107,1.0659769716740057,1.2771665366425253,1.326290743152932,1.22354655783197
2025-09-29,1.2594602566483837,1.2196952606692273,1.06881130316044,1.2807558426168524,1.3324329828834796,1.2255580324171644
2025-09-30,1.266889688358088,1.2169156723120114,1.0747511838571118,1.2855802792269442,1.3360826663157732,1.2274108091774223
2025-10-01,1.2780566815591927,1.2285004568384965,1.0849825919717877,1.2899609832810204,1.3424918830754842,1.228787166928871
2025-10-02,1.2763223048738401,1.234059077695324,1.089891834643581,1.291446646312934,1.3480109497303185,1.2310368510184702
2025-10-03,1.2866421864731463,1.2371549186853665,1.092626008296518,1.291427575052518,1.3423361578088557,1.237389077341426
2025-10-06,1.3122217998590457,1.2605075621132604,1.1132505114904312,1.2960589299577765,1.352417362755207,1.2356158122606362
2025-10-07,1.299116318232519,1.2416439475343755,1.0965906125658302,1.291253801518168,1.345296025911595,1.2333130661290586
2025-10-08,1.3241882135931269,1.2755870494003818,1.1265683585545592,1.2989536156148382,1.360718267491805,1.2335777252709526
2025-10-09,1.316336513442635,1.2518297758110093,1.105586495557524,1.2951905361061613,1.3590713877943337,1.2267756109601768
2025-10-10,1.2615086450871857,1.2189736359140846,1.0765687287108654,1.2601843491997544,1.3118922081944795,1.203933948174825
2025-10-13,1.3100338779575387,1.2647734564722461,1.117018048647561,1.279520711981088,1.3397323497480669,1.2193116046441663
2025-10-14,1.3216790591495626,1.2562223761675197,1.1094659364594572,1.277957579357174,1.3308084079403548,1.2246845433120144
2025-10-15,1.3448654809470701,1.2847316164486215,1.1346446242191173,1.2836312201034312,1.3401996615525518,1.2246845433120144
2025-10-16,1.331964373610078,1.2937086315746653,1.1425729119827948,1.2748893570758295,1.3352369897149903,1.2163472920413534
2025-10-17,1.2999895083162227,1.2519628204258295,1.1057039974194338,1.282126011990967,1.3440052062560737,1.2226354695498352
2025-10-20,1.3136585586845697,1.2770184384834522,1.1278325275899264,1.2954607320378941,1.3609406350122741,1.2365092403232787
2025-10-21,1.3026014728610071,1.2258783729457705,1.0826668293992456,1.2954413054123772,1.3605847109749232,1.2423340201829458
2025-10-22,1.2967349071796788,1.2124030143404207,1.0707657109047461,1.2887065444747725,1.3474768596673918,1.2332261485510936
2025-10-23,1.305065558261312,1.2351154943637839,1.090824836897481,1.2963484340599927,1.3588044107651698,1.2372241129869925
2025-10-24,1.3148125874359309,1.240386035672884,1.0954796545158303,1.3069429338137246,1.373314061481557,1.2502506815257755
2025-10-27,1.335302038420078,1.2337152074304556,1.089588136546277,1.3223618701775484,1.3977717686412132,1.2585642501979457
2025-10-28,1.341016991705556,1.243849969889535,1.0985389194138455,1.3258740619249758,1.4085204841627723,1.263329986572537
2025-10-29,1.3484384793172934,1.252302151001266,1.1060036861702378,1.3265108761858249,1.4148630586686421,1.261264880260864
2025-10-30,1.3319408935876023,1.2474508701928648,1.101719149525109,1.3119217173326496,1.3932317990994436,1.257664067304806
2025-10-31,1.3382859873723225,1.2511390740577204,1.1049764840802052,1.3162251887047924,1.399952602397011,1.259411533816106
2025-11-03,1.336581410873379,1.2495454966888528,1.1008781778424697,1.3186953315212884,1.4066511009402316,1.2535866725729388
2025-11-04,1.2965827617889147,1.212151491781609,1.0595985879619731,1.3030641237371816,1.378098839302743,1.246782198140664
2025-11-05,1.320767937436398,1.2347617698171194,1.0811080061240563,1.3075797480745739,1.3870673906191484,1.2526334276378206
2025-11-06,1.2933392660391374,1.2091192069729977,1.0668323593549183,1.2935502892553479,1.3612300528003833,1.242493043541882
2025-11-07,1.28933265900899,1.2053735033961004,1.0759432115560046,1.294823799322012,1.3569348915380295,1.244028587419267
2025-11-10,1.3153230742544464,1.2329093541919778,1.109805193949208,1.3150287928650282,1.386956002852014,1.254513305103568
2025-11-11,1.3186247654114953,1.233569396319738,1.1067266240422011,1.3180390906349226,1.3832618459156265,1.2693137897911404
2025-11-12,1.304368911838222,1.2404297450562218,1.1180341619335223,1.3187724457481882,1.3821713610354278,1.278183289151588
2025-11-13,1.277850734999881,1.208600174072819,1.0827489536187598,1.2968887074684252,1.3539529906901429,1.2569491946410922
2025-11-14,1.286490365356667,1.2114618267185409,1.07867696878585,1.296676554503176,1.354976561307301,1.2491650256362097
2025-11-17,1.2717566554980706,1.2013605951368982,1.0606553709531565,1.2845960363524296,1.3434043379347065,1.2346558938785206
2025-11-18,1.274035981820787,1.1931579144626967,1.0580530132139117,1.2738086918039315,1.327047472745526,1.2213645848143437
2025-11-19,1.2776419688203373,1.1966000643735157,1.0641427322355987,1.27872966926644,1.3349700126858266,1.222582651658356
2025-11-20,1.2431586019849918,1.1616520754649668,1.0267399872343044,1.2592388411212396,1.3033687999328114,1.212892155550237
2025-11-21,1.2463672319405943,1.170855062138056,1.0327473570071737,1.271782399998485,1.3131607230956528,1.2262689986728794
2025-11-24,1.2618618046640646,1.1975423149147666,1.0713314459417287,1.2905011382344196,1.3467424348291435,1.2312263931898941
2025-11-25,1.285267655187219,1.2053149706686517,1.0806877652498588,1.3026394624415822,1.3550433395657415,1.249094059224238
2025-11-26,1.2906968807440504,1.2245692192007887,1.110090204162929,1.3116323316854672,1.3670162324889803,1.2574977194308725
2025-11-28,1.2888841113856102,1.2317809310392094,1.1280394271453562,1.3187917539186715,1.378098839302743,1.2649999759918678
2025-12-01,1.2869102533409398,1.2149629004465052,1.1190933131747307,1.3127709214688155,1.3734699227527853,1.254767303006966
2025-12-02,1.289202453722713,1.2266141364331404,1.1200926877503616,1.3152024479443445,1.3842187742789438,1.259910170520406
2025-12-03,1.3009367823862523,1.2463230130843648,1.127188982126621,1.3197566886227035,1.3876014806820742,1.270911754813
2025-12-04,1.2975693194901956,1.2585750487024046,1.1369551696559785,1.3207215048717016,1.3863106610265534,1.270010432550861
2025-12-05,1.300151044487185,1.2584172266378693,1.1347545822180551,1.3232302640291642,1.3919632841982692,1.2725552945948417
2025-12-08,1.2937113163905174,1.2614963796617227,1.125401594028204,1.3192549131002043,1.3892928338836394,1.2675714504403377
2025-12-09,1.2961551762770247,1.257322490110967,1.1413014383712399,1.3181162048618225,1.3910063558349517,1.2629852460666744
2025-12-10,1.3093319259693066,1.2664709226744324,1.153388222704194,1.3268583047994915,1.3967034525107613,1.27605462232644
2025-12-11,1.3220802331005286,1.2746400387660675,1.1773451355506124,1.3299458352513192,1.392185923727938,1.2933390942000174
2025-12-12,1.3151631182087602,1.2437646066600003,1.1570711300119132,1.3156461805003603,1.365569687566831,1.28679114055964
2025-12-15,1.3137510558643117,1.2354091486969856,1.1508599975877891,1.3136585050358804,1.3587153277523822,1.286181496761384
2025-12-16,1.312679247996299,1.2276060081607212,1.1499365646851976,1.3100691990615534,1.3614080828213586,1.2777248558962708
2025-12-17,1.3071035288441155,1.207467557235391,1.1381001934164985,1.2956536952876945,1.3361716133239603,1.2719455694130855
2025-12-18,1.3158444563427671,1.221906486811857,1.1510463629718657,1.3054376072462275,1.3555329561245737,1.2738278070003315
2025-12-19,1.326283286777743,1.2499687697025217,1.1772466337937944,1.3172693698263298,1.3732028097190223,1.2783017835275396
2025-12-22,1.3563241222232718,1.2645587013501112,1.2083420384147676,1.3254758161018785,1.3797852963387198,1.2844389946435817
2025-12-23,1.3669778262685706,1.267076452838432,1.2104470065320028,1.3315338434322976,1.3862472828831045,1.2864847316822625
2025-12-24,1.3661874234436473,1.2754600374846727,1.2084289611903578,1.3362176739174587,1.3903028040408298,1.2938705284548047
2025-12-26,1.389329586638994,1.2687050367962216,1.2131764612088967,1.3360821613589746,1.3902137210280423,1.2939235904967834
2025-12-29,1.3340397861271425,1.2693239108313998,1.1821027399427297,1.331320861281813,1.3834842134360956,1.2874410691903797
2025-12-30,1.3503165717135757,1.2607801509786043,1.1831997294480885,1.3296951844001372,1.38027545691595,1.2847843048339438
2025-12-31,1.3298259198509408,1.2551444048299865,1.1727100225109697,1.3198435161623618,1.368866575067566,1.2767609497226573
2026-01-02,1.3383028460869846,1.2741097899542293,1.1904298140587737,1.3222628417694262,1.3662148933876916,1.2848906730684013
2026-01-05,1.3545712712336293,1.2976123708219334,1.212388810993604,1.3310692627903618,1.3770667003958048,1.3012031004183682
2026-01-06,1.3666698269908604,1.3213321825771789,1.2345507716974147,1.3389853757784589,1.389166349605941,1.3140618561802184
2026-01-07,1.3591717484653323,1.3088390075067333,1.2228781135062798,1.3346693481727503,1.3905034108253516,1.301707922268666
2026-01-08,1.3576781123118211,1.3052447067085555,1.219519876355461,1.3345338356142662,1.3825928392898224,1.3085357537654314
2026-01-09,1.3705075225645746,1.3183071873044452,1.2317244496736444,1.343359564805685,1.3963638490253714,1.3151511743272821
2026-01-12,1.398072647856844,1.3417611224265353,1.2536379957796981,1.3454692489548143,1.3975224722100075,1.3174889967473458
2026-01-13,1.39729936071885,1.3428918259858298,1.254694437884185,1.3427790166858151,1.3954501701247508,1.3069683075560594
2026-01-14,1.4069507905355083,1.3653179486964393,1.2756476754300714,1.3361789391214591,1.3805428419589123,1.3060118072809426
2026-01-15,1.4151706060275122,1.3625901689204793,1.2730990486185578,1.3398176408448141,1.3855120420172582,1.3137165459898568
2026-01-16,1.4253088631651978,1.3579573290633247,1.2687704807563527,1.3386950424910073,1.3843532828280223,1.3113750613122945
2026-01-20,1.44318362597189,1.3583440544429917,1.269131807092151,1.311443514361846,1.3549397040607885,1.2886780170063847
2026-01-21,1.4584405686880242,1.378151602050804,1.2876384502414633,1.326578987830169,1.373256395531294,1.3044117262880834
2026-01-22,1.4916289999168857,1.3945384162925687,1.3029490242474446,1.3335080150229435,1.38323913314748,1.3120926196315073
2026-01-23,1.5047152258097556,1.416105098369255,1.3230992668221733,1.3339917853803294,1.3876065128522617,1.3047571992454452
2026-01-26,1.5095042829857426,1.432852598132717,1.3387468375311964,1.3407659918441361,1.3937121673454966,1.3130759764616138
2026-01-27,1.5402121980168997,1.4628800689736106,1.3668021878719738,1.3461079584962012,1.406346586641557,1.3024450126278715
2026-01-28,1.564976912858957,1.469139832144963,1.3726508272646534,1.3459724459377171,1.4110036561436474,1.302631136692297
2026-01-29,1.5395783227441735,1.472481113902059,1.3757726629590175,1.3433015218392013,1.4025584505267934,1.302843629010712
2026-01-30,1.378332632398813,1.3909916455043143,1.2996351954681191,1.339295017236394,1.3857125127971794,1.299707597222968
2026-02-02,1.36728567544167,1.3893898093700163,1.2981385634615685,1.3459531377672336,1.3952273945904816,1.312996220631646
2026-02-03,1.396283287143653,1.4173421705840112,1.3242550915856284,1.3345725704102662,1.3737911656172177,1.3084249094384768
2026-02-04,1.4056699691434986,1.4125985326948403,1.3198230025969935,1.3281080054043946,1.3497923379768668,1.3149097908663796
2026-02-05,1.392186707750042,1.3633019399932358,1.273764072553288,1.3115209839538464,1.3303616328304189,1.2993886552865956
2026-02-06,1.4262809025240764,1.4018255004954592,1.3097575130928125,1.336682136104362,1.3584827598869358,1.331600325957195
2026-02-09,1.439807051229048,1.434649081739008,1.3404253331068983,1.3431273929397505,1.3688888798219119,1.3321052291909925
2026-02-10,1.437451455146994,1.422495055037092,1.3290695489657631,1.339585350523846,1.3625381450400615,1.3339124311912687
2026-02-11,1.4533648242285755,1.447727677642447,1.352644963324197,1.3392758275209444,1.366192588633344,1.3323976401063753
2026-02-12,1.4359103911957647,1.411163639627582,1.3184823493026554,1.318585523705105,1.3384057608828295,1.3146972171644644
2026-02-13,1.4457227375063055,1.4195625193478716,1.3263296140380483,1.3195144480789103,1.3412579133426255,1.3163183764838151
2026-02-17,1.4416280593305921,1.4061715782429196,1.313818152580545,1.3216434403985229,1.339876378619121,1.3178332489522084
2026-02-18,1.4437537277047547,1.4233592068235157,1.3298769456740704,1.3283015609293627,1.349881420989654,1.3208896062934843
2026-02-19,1.4494545581134783,1.4233828617488475,1.32989904700991,1.3247982533094584,1.344711750151386,1.313926434036273
2026-02-20,1.464802217890827,1.4567401889055265,1.3610655579948459,1.334379014885299,1.3566109285816006,1.320081386755308
2026-02-23,1.4517841904275552,1.4637085459636605,1.3675762528049906,1.3207532508207183,1.3401214589077362,1.2986069667694087
2026-02-24,1.4751943752514,1.4762887935190145,1.3793302648031807,1.3303530836569748,1.354516321741997,1.30866564183138
2026-02-25,1.4948552809274023,1.4970143459374616,1.3986946207686455,1.3415790671950418,1.3741476336729666,1.316728549323651
2026-02-26,1.4900175489646743,1.497080287006754,1.3987562310125001,1.334127297938814,1.3575690809863148,1.3168349175581082
2026-02-27,1.4894618328907154,1.5050887534044681,1.4062387236829859,1.3277208943544594,1.3532238700312804,1.30299760659265
2026-03-02,1.4630239828353226,1.4750828686695865,1.3782035417330085,1.3284758082838473,1.3550066183238278,1.3017202925606617
2026-03-03,1.3706540440260435,1.3947347065434679,1.303132422702367,1.316766172843428,1.3405003677224325,1.2919809663525623
2026-03-04,1.377286467794374,1.4122883825330035,1.3195332222323837,1.3260563642217496,1.3609338347822886,1.2978884318481965
2026-03-05,1.330015042641031,1.3732832392747665,1.2830898279485152,1.3186628748420726,1.3568337041158693,1.2768663413551158
2026-03-06,1.3223260073802807,1.367915889971696,1.2780749911713236,1.30137898242862,1.3364225418103604,1.2645990808710288
2026-03-09,1.3034485089752834,1.3910875261958509,1.2997247789833684,1.312779094866138,1.3542712414533824,1.2716507169927047
2026-03-10,1.281306974832218,1.4000374025270528,1.3080868524096974,1.3106692922619751,1.354293546207729,1.2711717750953966
2026-03-11,1.2988176227324888,1.3950949352130013,1.3034689925580207,1.3090241887547822,1.3541152441775544,1.2634813598824766
2026-03-12,1.2900652716943288,1.358140984927783,1.2689420746160827,1.2891467233797809,1.3308740981619962,1.2439760950617884
2026-03-13,1.295836562365339,1.3339322078251767,1.246323262444581,1.2818500117625877,1.3229858313808136,1.2411288119319288
2026-03-16,1.2918229787612485,1.3662096456958739,1.2764808082586572,1.2948952277072987,1.3378263812882114,1.2514801420597832
2026-03-17,1.312739804044775,1.370110910162469,1.2801258485606628,1.2983015206546518,1.3443552820956368,1.2530767235621436
2026-03-18,1.3380560370436339,1.3408363613943515,1.2527739704717764,1.2801854816298779,1.325615344310941,1.2320547144525629
2026-03-19,1.3510228363866421,1.331480212548212,1.2440323073756814,1.2770306687189426,1.3214261306317343,1.2268923148991304
2026-03-20,1.3670770530300766,1.2799882357370147,1.1959221799249895,1.2587234432698735,1.2970039206725936,1.2157558781470905
