ticker,sleeve,last_close,ret_6m,benchmark_hurdle,realized_vol20,atr15,above_ema10,above_sma200,sma50_gt_sma200,macd,macd_signal,macd_hist,weekly_macd_hist,breakout_89d,breakout_recent,exit_13d,raw_score,selected,entry_label,model_target_alloc_pct,current_alloc_pct,target_alloc_pct,delta_pct_points,action,rationale
XOP,offensive,177.1199951171875,0.3807026946914771,-0.01723228542533428,0.24861396224406726,4.95,True,True,True,7.582458769148104,6.711301581870393,0.8711571872777109,4.26328735263121,True,True,False,18.519608943080318,True,BUY NOW,25.0,0.0,100.0,100.0,INCREASE,"Selected and executable now. Sleeve=offensive, momentum/trend confirmed."
IXC,offensive,55.63999938964844,0.3771866935613699,-0.01723228542533428,0.15206890795071312,0.9806658426920573,True,True,True,1.7358470869355855,1.61737388283571,0.1184732040998755,1.0253159910303853,False,False,False,15.138531372333775,True,WAIT FOR PULLBACK,25.0,0.0,0.0,0.0,HOLD,"Selected, but wait for pullback. Sleeve=offensive, trend acceptable but entry extended or not fresh."
XLE,offensive,59.310001373291016,0.36299195534844064,-0.01723228542533428,0.1552096261144294,1.179334004720052,True,True,True,1.6061941689384298,1.5502000443427708,0.055994124595659,1.0729067417839984,False,False,False,15.062986380943045,True,WAIT FOR PULLBACK,25.0,0.0,0.0,0.0,HOLD,"Selected, but wait for pullback. Sleeve=offensive, trend acceptable but entry extended or not fresh."
OIH,offensive,386.9700012207031,0.5467807180980508,-0.01723228542533428,0.2636672125222244,12.001997884114584,True,True,True,4.772803606238938,5.9604860766828605,-1.1876824704439226,4.4958993955903,False,False,False,13.830227911270516,True,WAIT FOR PULLBACK,25.0,0.0,0.0,0.0,HOLD,"Selected, but wait for pullback. Sleeve=offensive, trend acceptable but entry extended or not fresh."
SGOV,defensive,100.58000183105469,0.018801568570960603,-0.01723228542533428,0.0018004389194630987,0.01880035400390625,True,True,True,0.10030602542428824,0.10124861024203484,-0.0009425848177466029,-0.0036925923356223578,True,True,False,13.055842151918007,True,DO NOT BUY,0.0,100.0,0.0,-100.0,DECREASE,SGOV available as cash sleeve but not currently needed.
EWY,offensive,125.77999877929688,0.6065592205833872,-0.01723228542533428,0.7089112030542964,8.906000264485677,False,True,True,0.4044726439102817,1.6250203166078268,-1.220547672697545,0.543745810042557,False,False,False,12.499999999996405,False,DO NOT BUY,0.0,0.0,0.0,0.0,HOLD,Not selected or failed hurdle/filter rules.
AMLP,offensive,52.86000061035156,0.1739965063752975,-0.01723228542533428,0.09839724065513017,0.7066673278808594,True,True,True,0.6381403057270703,0.7129970199536856,-0.07485671422661533,0.5343281190052744,False,False,False,12.19662692046742,False,DO NOT BUY,0.0,0.0,0.0,0.0,HOLD,Not selected or failed hurdle/filter rules.
MLPA,offensive,54.439998626708984,0.16751504622367142,-0.01723228542533428,0.1056001255970088,0.6700007120768229,True,True,True,0.6414952039809805,0.7158210755568964,-0.07432587157591597,0.5507792514117313,False,False,False,12.153974046722839,False,DO NOT BUY,0.0,0.0,0.0,0.0,HOLD,Not selected or failed hurdle/filter rules.
EWM,offensive,28.940000534057617,0.14893549515123605,-0.01723228542533428,0.17036038586107044,0.4536668141682943,False,True,True,-0.0004809555943019461,-0.03743191280739852,0.036950957213096575,-0.04690589442468873,False,False,False,11.469322231328636,False,DO NOT BUY,0.0,0.0,0.0,0.0,HOLD,Not selected or failed hurdle/filter rules.
EIS,offensive,120.18000030517578,0.27386453097498276,-0.01723228542533428,0.28849037094053986,2.876659647623698,False,True,True,0.052524812334695525,0.35682596053365256,-0.30430114819895704,-0.29956833556133144,False,False,False,9.928048640841435,False,DO NOT BUY,0.0,0.0,0.0,0.0,HOLD,Not selected or failed hurdle/filter rules.
TAN,offensive,55.150001525878906,0.27750761790746403,-0.01723228542533428,0.34091573895895017,1.7233266194661458,False,True,True,-0.0010890226430149141,0.0005745657956827744,-0.0016635884386976886,-0.27151498211292546,False,False,False,9.872157108866576,False,DO NOT BUY,0.0,0.0,0.0,0.0,HOLD,Not selected or failed hurdle/filter rules.
SMH,offensive,384.739990234375,0.2224419536521287,-0.01723228542533428,0.3355764308906436,12.576668294270833,False,True,True,-2.9206919824470106,-1.6831226317044097,-1.2375693507426009,-3.8574223377087336,False,False,False,9.603876602575225,False,DO NOT BUY,0.0,0.0,0.0,0.0,HOLD,Not selected or failed hurdle/filter rules.
ICLN,offensive,18.059999465942383,0.1997699709593721,-0.01723228542533428,0.3106108758747862,0.5593336741129558,False,True,True,0.02526959374999649,0.02576014634999768,-0.0004905526000011928,-0.10124222106283054,False,False,False,9.52561599190034,False,DO NOT BUY,0.0,0.0,0.0,0.0,HOLD,Not selected or failed hurdle/filter rules.
EWT,offensive,69.73999786376953,0.1508997698757215,-0.01723228542533428,0.35142400687012176,2.27066650390625,False,True,True,-0.01481246196254915,0.2637081853859527,-0.27852064734850185,-0.013447012774916445,False,False,False,9.223100363853463,False,DO NOT BUY,0.0,0.0,0.0,0.0,HOLD,Not selected or failed hurdle/filter rules.
EPOL,offensive,34.47999954223633,0.12218361550900214,-0.01723228542533428,0.3043132459995261,1.0873334248860678,False,True,True,-0.6016772202457545,-0.4902480990171109,-0.11142912122864362,-0.37195773604671567,False,False,False,9.145881551018158,False,DO NOT BUY,0.0,0.0,0.0,0.0,HOLD,Not selected or failed hurdle/filter rules.
TUR,offensive,38.380001068115234,0.09594256399977996,-0.01723228542533428,0.2734278216990991,0.8406661987304688,False,True,True,-0.39036560811341303,-0.28075439232115373,-0.1096112157922593,-0.04236112604724118,False,False,False,9.058114902528505,False,DO NOT BUY,0.0,0.0,0.0,0.0,HOLD,Not selected or failed hurdle/filter rules.
QCLN,offensive,45.77989959716797,0.10341877119894671,-0.01723228542533428,0.40117469207237,1.7226666768391927,False,True,True,-0.667371113022341,-0.5846538201553029,-0.0827172928670381,-0.7551811232252295,False,False,False,8.914903900023443,False,DO NOT BUY,0.0,0.0,0.0,0.0,HOLD,Not selected or failed hurdle/filter rules.
PBW,offensive,30.860000610351562,0.09428027093763136,-0.01723228542533428,0.38793656496974116,1.2446671803792317,False,True,True,-0.4467438797357417,-0.38954430408043317,-0.05719957565530853,-0.6822708070645169,False,False,False,8.887849345393784,False,DO NOT BUY,0.0,0.0,0.0,0.0,HOLD,Not selected or failed hurdle/filter rules.
ANGL,offensive,28.459999084472656,-0.011873554397053399,-0.01723228542533428,0.06677021643322868,0.19200007120768228,False,False,True,-0.19190631732087837,-0.12446587499061143,-0.06744044233026694,-0.12059550780165718,False,False,True,0.0,False,DO NOT BUY,0.0,0.0,0.0,0.0,HOLD,Not selected or failed hurdle/filter rules.
ARKF,offensive,39.33000183105469,-0.3186015121841639,-0.01723228542533428,0.381082502432675,1.369800059000651,False,False,False,-0.2659532804704767,-0.3833128178314206,0.1173595373609439,-0.8206371578251663,False,False,True,0.0,False,DO NOT BUY,0.0,0.0,0.0,0.0,HOLD,Not selected or failed hurdle/filter rules.
ARKG,offensive,26.049999237060547,-0.05307164593508373,-0.01723228542533428,0.3987056076394918,1.0937198638916015,False,False,True,-0.9066938924613801,-0.7400403629554797,-0.1666535295059004,-0.6336419238607173,False,False,True,0.0,False,DO NOT BUY,0.0,0.0,0.0,0.0,HOLD,Not selected or failed hurdle/filter rules.
ARKK,offensive,69.1500015258789,-0.18608754389079551,-0.01723228542533428,0.3589554640091257,2.5340006510416666,False,False,False,-0.8616962597642726,-0.7114273476878756,-0.15026891207639692,-1.3958063549679363,False,False,True,0.0,False,DO NOT BUY,0.0,0.0,0.0,0.0,HOLD,Not selected or failed hurdle/filter rules.
ARKQ,offensive,114.66000366210938,0.0604650808336773,-0.01723228542533428,0.2788437061559391,3.7211944580078127,False,True,True,-1.57082374221649,-1.1464718763548103,-0.4243518658616796,-1.94785339708136,False,False,True,0.0,False,DO NOT BUY,0.0,0.0,0.0,0.0,HOLD,Not selected or failed hurdle/filter rules.
ARKW,offensive,124.37000274658203,-0.2707422586439461,-0.01723228542533428,0.3598043391426478,3.939000447591146,False,False,False,-0.989992390711322,-1.2575647054010957,0.2675723146897737,-2.748086003850828,False,False,True,0.0,False,DO NOT BUY,0.0,0.0,0.0,0.0,HOLD,Not selected or failed hurdle/filter rules.
AVDV,offensive,95.45999908447266,0.10490049775626864,-0.01723228542533428,0.2059238502723583,2.382085673014323,False,True,True,-1.7594247013549307,-0.7280447312126895,-1.031379970142241,-0.7244642507820123,False,False,True,0.0,False,DO NOT BUY,0.0,0.0,0.0,0.0,HOLD,Not selected or failed hurdle/filter rules.
AVUV,offensive,106.08000183105469,0.06471797771462495,-0.01723228542533428,0.1690403357876058,2.2356903076171877,False,True,True,-1.3533367611751999,-0.8757471582447278,-0.47758960293047203,-0.5240320153296669,False,False,True,0.0,False,DO NOT BUY,0.0,0.0,0.0,0.0,HOLD,Not selected or failed hurdle/filter rules.
BBCA,offensive,91.58000183105469,0.05402583403280792,-0.01723228542533428,0.1586791789154005,1.7486668904622396,False,True,True,-0.8078292784978487,-0.07663065885091085,-0.7311986196469379,-0.5570860004771139,False,False,True,0.0,False,DO NOT BUY,0.0,0.0,0.0,0.0,HOLD,Not selected or failed hurdle/filter rules.
BBJP,offensive,66.26000213623047,0.046005569049243134,-0.01723228542533428,0.2675236286423852,1.986400349934896,False,True,True,-1.2134185600694423,-0.7102832390929459,-0.5031353209764964,-0.5574913891214854,False,False,True,0.0,False,DO NOT BUY,0.0,0.0,0.0,0.0,HOLD,Not selected or failed hurdle/filter rules.
BLOK,offensive,51.45000076293945,-0.22124627304407496,-0.01723228542533428,0.41068497042307284,2.084733327229818,False,False,False,-0.9596761786585617,-1.024556235541514,0.0648800568829524,-1.2952496926303811,False,False,True,0.0,False,DO NOT BUY,0.0,0.0,0.0,0.0,HOLD,Not selected or failed hurdle/filter rules.
BNDX,offensive,47.810001373291016,-0.0019062610445995665,-0.01723228542533428,0.04461186522487363,0.22133331298828124,False,False,True,-0.15943143454668274,-0.07999649117884676,-0.07943494336783598,-0.06985084899076863,False,False,True,0.0,False,DO NOT BUY,0.0,0.0,0.0,0.0,HOLD,Not selected or failed hurdle/filter rules.
BOTZ,offensive,33.599998474121094,-0.03585481533601598,-0.01723228542533428,0.24002160295208658,1.0108668009440105,False,False,True,-0.9066422576181523,-0.6118507373933451,-0.29479152022480726,-0.499891343363405,False,False,True,0.0,False,DO NOT BUY,0.0,0.0,0.0,0.0,HOLD,Not selected or failed hurdle/filter rules.
CIBR,offensive,64.02999877929688,-0.16517649184015515,-0.01723228542533428,0.22567434111721518,1.3929270426432292,False,False,False,-0.5441000147835666,-0.7073764389999302,0.16327642421636357,-0.8132459086720578,False,False,False,0.0,False,DO NOT BUY,0.0,0.0,0.0,0.0,HOLD,Not selected or failed hurdle/filter rules.
DIV,offensive,18.6299991607666,0.09749710723251415,-0.01723228542533428,0.09986482196034387,0.25066693623860675,False,True,True,-0.000839335696507959,0.10267427256588511,-0.10351360826239307,0.0917826361065775,False,False,True,0.0,False,DO NOT BUY,0.0,0.0,0.0,0.0,HOLD,Not selected or failed hurdle/filter rules.
DSI,offensive,121.16000366210938,-0.025749174591111368,-0.01723228542533428,0.14551078995175104,1.9582916259765626,False,False,True,-1.6108308690837703,-1.1958143749954715,-0.41501649408829877,-1.4033200744243541,False,False,True,0.0,False,DO NOT BUY,0.0,0.0,0.0,0.0,HOLD,Not selected or failed hurdle/filter rules.
DVYE,offensive,33.13999938964844,0.1261945749595037,-0.01723228542533428,0.20259770260288812,0.6869956970214843,False,True,True,-0.12253381039769096,-0.009114797861637032,-0.11341901253605392,-0.06640371218026475,False,False,True,0.0,False,DO NOT BUY,0.0,0.0,0.0,0.0,HOLD,Not selected or failed hurdle/filter rules.
EBND,offensive,20.549999237060547,-0.016008275888019008,-0.01723228542533428,0.1141584595910335,0.2412665049235026,False,False,True,-0.22070162976313412,-0.1538337179614808,-0.06686791180165333,-0.11306950324391946,False,False,True,0.0,False,DO NOT BUY,0.0,0.0,0.0,0.0,HOLD,Not selected or failed hurdle/filter rules.
ECH,offensive,38.060001373291016,0.1371177762221918,-0.01723228542533428,0.3767173703123873,1.5513333638509115,False,True,True,-1.1943239042073586,-1.107901744812334,-0.08642215939502451,-0.8168773919330037,False,False,True,0.0,False,DO NOT BUY,0.0,0.0,0.0,0.0,HOLD,Not selected or failed hurdle/filter rules.
EEMV,offensive,63.34000015258789,-0.0028932200682425524,-0.01723228542533428,0.20373562695443273,1.3316668192545573,False,False,True,-0.7893977939717729,-0.5652969982569673,-0.22410079571480557,-0.40574604035825046,False,False,True,0.0,False,DO NOT BUY,0.0,0.0,0.0,0.0,HOLD,Not selected or failed hurdle/filter rules.
EFAV,offensive,88.73999786376953,0.06176424972653338,-0.01723228542533428,0.15873937116129205,1.5070002237955729,False,True,True,-0.38181171060224983,-0.022165938823107925,-0.3596457717791419,-0.07193497621934242,False,False,True,0.0,False,DO NOT BUY,0.0,0.0,0.0,0.0,HOLD,Not selected or failed hurdle/filter rules.
EIDO,offensive,15.119999885559082,-0.14184729793818862,-0.01723228542533428,0.1843097402679751,0.38766676584879556,False,False,False,-0.7075456181421274,-0.597550248598715,-0.10999536954341238,-0.40240722730478085,False,False,True,0.0,False,DO NOT BUY,0.0,0.0,0.0,0.0,HOLD,Not selected or failed hurdle/filter rules.
EMXC,offensive,77.30000305175781,0.16785282370076393,-0.01723228542533428,0.35068104842249564,2.7593343098958334,False,True,True,-0.8214891276457195,-0.28047214949197596,-0.5410169781537435,-0.35798357128752123,False,False,True,0.0,False,DO NOT BUY,0.0,0.0,0.0,0.0,HOLD,Not selected or failed hurdle/filter rules.
ESGE,offensive,44.65999984741211,0.05502625591175936,-0.01723228542533428,0.31156453170712833,1.421332804361979,False,True,True,-0.6703370149175711,-0.42065629660553316,-0.24968071831203797,-0.4085279356803142,False,False,True,0.0,False,DO NOT BUY,0.0,0.0,0.0,0.0,HOLD,Not selected or failed hurdle/filter rules.
EWA,offensive,27.299999237060547,0.03260061788394775,-0.01723228542533428,0.26356275743323215,0.7013336181640625,False,True,True,-0.17173347342814793,0.046406561928728544,-0.21814003535687648,0.033035439894760654,False,False,True,0.0,False,DO NOT BUY,0.0,0.0,0.0,0.0,HOLD,Not selected or failed hurdle/filter rules.
EWD,offensive,46.790000915527344,-0.0012712791471869433,-0.01723228542533428,0.24992866141858283,1.3900004069010417,False,False,True,-1.1525612466457815,-0.6088728543807128,-0.5436883922650687,-0.4801340542268562,False,False,True,0.0,False,DO NOT BUY,0.0,0.0,0.0,0.0,HOLD,Not selected or failed hurdle/filter rules.
EWG,offensive,38.20000076293945,-0.07326541407880527,-0.01723228542533428,0.2464753656083472,1.0829991658528646,False,False,True,-1.0788792240968945,-0.8051265018716376,-0.27375272222525693,-0.5227960990822271,False,False,True,0.0,False,DO NOT BUY,0.0,0.0,0.0,0.0,HOLD,Not selected or failed hurdle/filter rules.
EWH,offensive,22.31999969482422,0.07296812776766748,-0.01723228542533428,0.1654430983346257,0.44766693115234374,False,True,True,-0.17657209559741815,-0.05490351414266284,-0.12166858145475531,-0.10672820554962836,False,False,True,0.0,False,DO NOT BUY,0.0,0.0,0.0,0.0,HOLD,Not selected or failed hurdle/filter rules.
EWI,offensive,50.70000076293945,-0.00012796784208002343,-0.01723228542533428,0.24681898586888312,1.4506665547688802,False,False,True,-1.062092972359494,-0.7801623079627393,-0.28193066439675474,-0.6778526114579029,False,False,True,0.0,False,DO NOT BUY,0.0,0.0,0.0,0.0,HOLD,Not selected or failed hurdle/filter rules.
EWL,offensive,56.310001373291016,0.01900114157891064,-0.01723228542533428,0.1912532125090889,1.3136675516764322,False,False,True,-1.3750253486050212,-0.8089894394876239,-0.5660359091173973,-0.5563131918782533,False,False,True,0.0,False,DO NOT BUY,0.0,0.0,0.0,0.0,HOLD,Not selected or failed hurdle/filter rules.
EWN,offensive,56.529998779296875,0.032518731167628934,-0.01723228542533428,0.24789010559431518,1.5600003560384115,False,True,True,-0.9930717937713425,-0.6751792387550347,-0.31789255501630775,-0.6100278228529326,False,False,True,0.0,False,DO NOT BUY,0.0,0.0,0.0,0.0,HOLD,Not selected or failed hurdle/filter rules.
EWP,offensive,51.630001068115234,0.07202978255003067,-0.01723228542533428,0.30221944940463663,1.500666046142578,False,True,True,-0.8575339607969994,-0.6417024882946786,-0.21583147250232082,-0.6784290212679984,False,False,True,0.0,False,DO NOT BUY,0.0,0.0,0.0,0.0,HOLD,Not selected or failed hurdle/filter rules.
EWQ,offensive,41.68000030517578,-0.04094766237750347,-0.01723228542533428,0.22457499920463744,1.0719998677571614,False,False,True,-0.9755204753104394,-0.6912237556972456,-0.2842967196131938,-0.48865083948391363,False,False,True,0.0,False,DO NOT BUY,0.0,0.0,0.0,0.0,HOLD,Not selected or failed hurdle/filter rules.
EWS,offensive,27.360000610351562,-0.027563085778110508,-0.01723228542533428,0.20540613693360413,0.5666670481363932,False,True,True,-0.1787109281660335,-0.17836502872475668,-0.00034589944127683125,-0.18987259848946036,False,False,False,0.0,False,DO NOT BUY,0.0,0.0,0.0,0.0,HOLD,Not selected or failed hurdle/filter rules.
EWU,offensive,43.849998474121094,0.08068032668752556,-0.01723228542533428,0.20353335926946375,0.9623341878255208,False,True,True,-0.483548669642353,-0.16319295669561512,-0.32035571294673787,-0.2348753513422146,False,False,True,0.0,False,DO NOT BUY,0.0,0.0,0.0,0.0,HOLD,Not selected or failed hurdle/filter rules.
EWW,offensive,69.87000274658203,0.07731859923658368,-0.01723228542533428,0.3318633065813374,2.360667928059896,False,True,True,-1.6674520982570442,-1.057999032714394,-0.6094530655426502,-0.7523884501200198,False,False,True,0.0,False,DO NOT BUY,0.0,0.0,0.0,0.0,HOLD,Not selected or failed hurdle/filter rules.
EZA,offensive,62.58000183105469,0.05538758105525554,-0.01723228542533428,0.458340225692907,3.144666798909505,False,True,True,-2.7057730166326337,-1.5740765054460497,-1.131696511186584,-1.370145887595621,False,False,True,0.0,False,DO NOT BUY,0.0,0.0,0.0,0.0,HOLD,Not selected or failed hurdle/filter rules.
FDN,offensive,237.75999450683594,-0.17254820930933767,-0.01723228542533428,0.21679287738022932,4.849335734049479,False,False,False,-1.8646092635266882,-2.0263688253447496,0.1617595618180614,-2.8482031435865274,False,False,True,0.0,False,DO NOT BUY,0.0,0.0,0.0,0.0,HOLD,Not selected or failed hurdle/filter rules.
FEZ,offensive,60.0,-0.012182978623185514,-0.01723228542533428,0.2461829637741286,1.7430005391438803,False,False,True,-1.4911641970571736,-1.1063034970698946,-0.384860699987279,-0.8249385404789078,False,False,True,0.0,False,DO NOT BUY,0.0,0.0,0.0,0.0,HOLD,Not selected or failed hurdle/filter rules.
FNDC,offensive,44.869998931884766,0.03744555073894529,-0.01723228542533428,0.18821324688410485,1.041999308268229,False,True,True,-0.7521266704770682,-0.4241510977382825,-0.32797557273878564,-0.3077614716122401,False,False,True,0.0,False,DO NOT BUY,0.0,0.0,0.0,0.0,HOLD,Not selected or failed hurdle/filter rules.
FTCS,offensive,92.16739654541016,0.0020497096265432724,-0.01723228542533428,0.10577809787877172,1.1960006713867188,False,False,True,-1.1501850605778827,-0.5815773490141992,-0.5686077115636835,-0.3184981441657815,False,False,True,0.0,False,DO NOT BUY,0.0,0.0,0.0,0.0,HOLD,Not selected or failed hurdle/filter rules.
GDX,offensive,80.12000274658203,0.11528322478033104,-0.01723228542533428,0.5314279080464349,5.466373189290365,False,True,True,-4.551241879115679,-1.6865657694601834,-2.8646761096554956,-1.9261508152189073,False,False,True,0.0,False,DO NOT BUY,0.0,0.0,0.0,0.0,HOLD,Not selected or failed hurdle/filter rules.
GDXJ,offensive,104.7699966430664,0.16529400259069016,-0.01723228542533428,0.5653223943599542,7.859333801269531,False,True,True,-6.266786837139307,-2.118994023593247,-4.14779281354606,-2.6194767368597986,False,False,True,0.0,False,DO NOT BUY,0.0,0.0,0.0,0.0,HOLD,Not selected or failed hurdle/filter rules.
GLDM,offensive,89.06999969482422,0.22097331625687566,-0.01723228542533428,0.3125542443641028,2.553999328613281,False,True,True,-1.2648395987401955,0.3059815520945185,-1.570821150834714,-0.4879840105479687,False,False,True,0.0,False,DO NOT BUY,0.0,0.0,0.0,0.0,HOLD,Not selected or failed hurdle/filter rules.
GNR,offensive,69.83000183105469,0.215818464856099,-0.01723228542533428,0.1938258924179201,1.420665486653646,False,True,True,0.08611180437824828,0.6379368212530897,-0.5518250168748414,0.2901671120517002,False,False,True,0.0,False,DO NOT BUY,0.0,0.0,0.0,0.0,HOLD,Not selected or failed hurdle/filter rules.
GSLC,offensive,124.95999908447266,-0.036415719217293696,-0.01723228542533428,0.1328013769783068,1.99466552734375,False,False,True,-1.5789228138987426,-1.1120988404840033,-0.46682397341473925,-1.264771374554944,False,False,True,0.0,False,DO NOT BUY,0.0,0.0,0.0,0.0,HOLD,Not selected or failed hurdle/filter rules.
HEFA,offensive,40.880001068115234,0.06899572858456748,-0.01723228542533428,0.16580450227940888,0.7803329467773438,False,True,True,-0.4972166736816135,-0.2409064430206002,-0.25631023066101327,-0.28169062419273794,False,False,True,0.0,False,DO NOT BUY,0.0,0.0,0.0,0.0,HOLD,Not selected or failed hurdle/filter rules.
IBB,offensive,161.64999389648438,0.13469052703871198,-0.01723228542533428,0.21976405849443997,3.740453084309896,False,True,True,-2.4175318587325023,-1.5499586966228565,-0.8675731621096459,-2.27972329651075,False,False,True,0.0,False,DO NOT BUY,0.0,0.0,0.0,0.0,HOLD,Not selected or failed hurdle/filter rules.
IBIT,offensive,39.77000045776367,-0.3916169682302315,-0.01723228542533428,0.5685109119504361,1.6033330281575522,False,False,False,-0.3937361008301892,-0.7685924628400443,0.37485636200985517,-0.7655459777966724,False,False,False,0.0,False,DO NOT BUY,0.0,0.0,0.0,0.0,HOLD,Not selected or failed hurdle/filter rules.
IGV,offensive,82.98999786376953,-0.29183380719474217,-0.01723228542533428,0.3021234237102895,2.3026662190755207,False,False,False,-0.7906957313324625,-1.0629969528126804,0.27230122148021785,-1.6050773676708499,False,False,True,0.0,False,DO NOT BUY,0.0,0.0,0.0,0.0,HOLD,Not selected or failed hurdle/filter rules.
IHI,offensive,54.439998626708984,-0.09602244323630771,-0.01723228542533428,0.17140927244968673,1.123529307047526,False,False,False,-1.2645447629576196,-1.057651800375807,-0.20689296258181256,-0.7700260545143781,False,False,True,0.0,False,DO NOT BUY,0.0,0.0,0.0,0.0,HOLD,Not selected or failed hurdle/filter rules.
INDA,offensive,46.59000015258789,-0.13626248908507876,-0.01723228542533428,0.1429997317926894,0.8360003153483073,False,False,False,-1.3585064217288547,-1.078610875834834,-0.27989554589402066,-0.6950540754050907,False,False,True,0.0,False,DO NOT BUY,0.0,0.0,0.0,0.0,HOLD,Not selected or failed hurdle/filter rules.
IWM,offensive,242.22000122070312,0.001994314672494113,-0.01723228542533428,0.2067184762995982,6.132803344726563,False,True,True,-4.168159990291969,-3.034595350458046,-1.1335646398339225,-2.7819190079522995,False,False,True,0.0,False,DO NOT BUY,0.0,0.0,0.0,0.0,HOLD,Not selected or failed hurdle/filter rules.
IXN,offensive,101.08000183105469,0.003786866297299074,-0.01723228542533428,0.25995442142606434,2.696000162760417,False,True,True,-0.9192760593206799,-0.5870722120206204,-0.3322038473000595,-1.1296942574864932,False,False,True,0.0,False,DO NOT BUY,0.0,0.0,0.0,0.0,HOLD,Not selected or failed hurdle/filter rules.
JEPI,defensive,56.09000015258789,0.024698999842848846,-0.01723228542533428,0.10837324858021193,0.7657335917154948,False,True,True,-0.4670309634930021,-0.1980200397718527,-0.26901092372114943,-0.20505200079348795,False,False,True,0.0,False,DO NOT BUY,0.0,0.0,0.0,0.0,HOLD,Not selected or failed hurdle/filter rules.
JEPQ,defensive,55.7599983215332,0.027364863748854606,-0.01723228542533428,0.15428687148440734,0.914599863688151,False,True,True,-0.26770137210408507,-0.14357022372995049,-0.12413114837413458,-0.4107023668329379,False,False,True,0.0,False,DO NOT BUY,0.0,0.0,0.0,0.0,HOLD,Not selected or failed hurdle/filter rules.
JETS,offensive,24.09000015258789,-0.05863124106619655,-0.01723228542533428,0.3487470070793775,1.0343401590983072,False,False,True,-1.1970850303505038,-1.0545010872140863,-0.14258394313641753,-0.6513452972754017,False,False,False,0.0,False,DO NOT BUY,0.0,0.0,0.0,0.0,HOLD,Not selected or failed hurdle/filter rules.
JMOM,offensive,67.69000244140625,-0.0008848977525308666,-0.01723228542533428,0.17023403142347476,1.2401336669921874,False,True,True,-0.4545809335971711,-0.23518559035540748,-0.21939534324176363,-0.4186341756638041,False,False,True,0.0,False,DO NOT BUY,0.0,0.0,0.0,0.0,HOLD,Not selected or failed hurdle/filter rules.
JQUA,offensive,61.470001220703125,-0.016770796430694346,-0.01723228542533428,0.12028653659309516,0.9239336649576823,False,False,True,-0.5037013457979356,-0.3116192055050231,-0.19208214029291248,-0.36147728160961246,False,False,True,0.0,False,DO NOT BUY,0.0,0.0,0.0,0.0,HOLD,Not selected or failed hurdle/filter rules.
KBE,offensive,57.849998474121094,-0.04507573639533147,-0.01723228542533428,0.2679165924560943,1.5523335774739584,False,False,True,-1.5988698617383292,-1.4125104471962158,-0.18635941454211347,-0.7863985354034875,False,False,False,0.0,False,DO NOT BUY,0.0,0.0,0.0,0.0,HOLD,Not selected or failed hurdle/filter rules.
KCE,offensive,136.02000427246094,-0.1243169015094524,-0.01723228542533428,0.2481218704059248,3.020332845052083,False,False,True,-3.476659511376795,-3.2857412222911515,-0.19091828908564334,-2.2716327813942554,False,False,False,0.0,False,DO NOT BUY,0.0,0.0,0.0,0.0,HOLD,Not selected or failed hurdle/filter rules.
KIE,offensive,54.34000015258789,-0.07119117705933187,-0.01723228542533428,0.1553264572107228,1.0713333129882812,False,False,False,-0.8960596013732385,-0.6859122038534344,-0.21014739751980405,-0.5174164224150066,False,False,True,0.0,False,DO NOT BUY,0.0,0.0,0.0,0.0,HOLD,Not selected or failed hurdle/filter rules.
KOMP,offensive,58.650001525878906,-0.04415332344831657,-0.01723228542533428,0.2412150929793119,1.514666239420573,False,False,True,-0.8224433051798883,-0.6356803021089079,-0.18676300307098037,-0.7662988535512107,False,False,True,0.0,False,DO NOT BUY,0.0,0.0,0.0,0.0,HOLD,Not selected or failed hurdle/filter rules.
KSA,offensive,36.779998779296875,-0.015993683846126205,-0.01723228542533428,0.20906278280781254,0.7363329569498698,False,False,True,-0.2120347510861933,-0.1870163478533527,-0.025018403232840603,-0.10086934249704477,False,False,False,0.0,False,DO NOT BUY,0.0,0.0,0.0,0.0,HOLD,Not selected or failed hurdle/filter rules.
LIT,offensive,66.9800033569336,0.27080202631710937,-0.01723228542533428,0.37210180130394027,2.435272216796875,False,True,True,-0.8164654797362942,-0.2654144232217097,-0.5510510565145845,-0.8959379444871489,False,False,True,0.0,False,DO NOT BUY,0.0,0.0,0.0,0.0,HOLD,Not selected or failed hurdle/filter rules.
MCHI,offensive,55.209999084472656,-0.132762252327699,-0.01723228542533428,0.22143545900153297,1.1696670532226563,False,False,True,-1.0278773266795085,-0.9363603125880882,-0.09151701409142032,-0.9115144527350906,False,False,True,0.0,False,DO NOT BUY,0.0,0.0,0.0,0.0,HOLD,Not selected or failed hurdle/filter rules.
MGC,offensive,236.92999267578125,-0.024890608690879445,-0.01723228542533428,0.13518672327320122,3.6220001220703124,False,False,True,-2.731290020111686,-1.918976868342911,-0.8123131517687752,-2.56087508808381,False,False,True,0.0,False,DO NOT BUY,0.0,0.0,0.0,0.0,HOLD,Not selected or failed hurdle/filter rules.
MOAT,offensive,97.08999633789062,-0.007404116434773567,-0.01723228542533428,0.1366958980079728,1.6839991251627604,False,False,True,-2.032024782584898,-1.4654913536422733,-0.5665334289426247,-1.2046450704598475,False,False,True,0.0,False,DO NOT BUY,0.0,0.0,0.0,0.0,HOLD,Not selected or failed hurdle/filter rules.
MTUM,offensive,241.52000427246094,-0.05614493535221721,-0.01723228542533428,0.234048457567855,5.788990275065104,False,False,True,-2.1514055967112427,-1.9142627248153357,-0.237142871895907,-2.178715207655091,False,False,False,0.0,False,DO NOT BUY,0.0,0.0,0.0,0.0,HOLD,Not selected or failed hurdle/filter rules.
PAVE,offensive,49.02000045776367,0.05404846082156123,-0.01723228542533428,0.2042012819866201,1.30086669921875,False,True,True,-0.966992780250898,-0.502064393285389,-0.464928386965509,-0.34960413562919346,False,False,True,0.0,False,DO NOT BUY,0.0,0.0,0.0,0.0,HOLD,Not selected or failed hurdle/filter rules.
PHO,offensive,65.8499984741211,-0.07932534918812739,-0.01723228542533428,0.15395517891494123,1.238666788736979,False,False,True,-1.666488994552438,-1.2836548785168838,-0.3828341160355542,-0.8170854239999792,False,False,True,0.0,False,DO NOT BUY,0.0,0.0,0.0,0.0,HOLD,Not selected or failed hurdle/filter rules.
PICK,offensive,51.83000183105469,0.23710659480658158,-0.01723228542533428,0.3739962607739281,2.178334045410156,False,True,True,-1.5781807533336547,-0.6746643187700376,-0.9035164345636171,-0.6109202441258716,False,False,True,0.0,False,DO NOT BUY,0.0,0.0,0.0,0.0,HOLD,Not selected or failed hurdle/filter rules.
PKW,offensive,129.51589965820312,-0.013040425213512008,-0.01723228542533428,0.14101204367669884,2.1146647135416665,False,False,True,-1.8909386002382575,-1.3503907038374239,-0.5405478964008337,-1.167853780343814,False,False,True,0.0,False,DO NOT BUY,0.0,0.0,0.0,0.0,HOLD,Not selected or failed hurdle/filter rules.
QQQ,offensive,582.0599975585938,-0.026469314574737335,-0.01723228542533428,0.17545688099899703,10.867997233072916,False,False,True,-5.154218732879485,-3.5464352486086845,-1.6077834842708008,-6.3617768290535714,False,False,True,0.0,False,DO NOT BUY,0.0,0.0,0.0,0.0,HOLD,Not selected or failed hurdle/filter rules.
QQQM,offensive,239.63999938964844,-0.026544903635361994,-0.01723228542533428,0.1736910982422986,4.469333902994792,False,False,True,-2.1185920385300108,-1.4570944803388464,-0.6614975581911644,-2.6204642642655935,False,False,True,0.0,False,DO NOT BUY,0.0,0.0,0.0,0.0,HOLD,Not selected or failed hurdle/filter rules.
QTEC,offensive,220.2899932861328,-0.03220280286571886,-0.01723228542533428,0.25720571811610493,5.608669026692708,False,False,True,-1.7038529576880705,-1.9330227147489438,0.22916975706087328,-2.72244533508501,False,False,False,0.0,False,DO NOT BUY,0.0,0.0,0.0,0.0,HOLD,Not selected or failed hurdle/filter rules.
QYLD,offensive,17.200000762939453,0.06832996445200323,-0.01723228542533428,0.12915109223181762,0.23186696370442708,False,True,True,-0.010707410892262459,0.0227373457052208,-0.03344475659748326,-0.06725023942737862,False,False,True,0.0,False,DO NOT BUY,0.0,0.0,0.0,0.0,HOLD,Not selected or failed hurdle/filter rules.
RYLD,offensive,14.8100004196167,0.03752273466891776,-0.01723228542533428,0.16080613155732298,0.31433340708414714,False,True,True,-0.13870242152521328,-0.07579495589702044,-0.06290746562819284,-0.08470217588416606,False,False,True,0.0,False,DO NOT BUY,0.0,0.0,0.0,0.0,HOLD,Not selected or failed hurdle/filter rules.
SCZ,offensive,75.91999816894531,0.009687985578822556,-0.01723228542533428,0.19597504852694805,1.7686660766601563,False,False,True,-1.4582248023911148,-0.8942927084177404,-0.5639320939733744,-0.6748985254948496,False,False,True,0.0,False,DO NOT BUY,0.0,0.0,0.0,0.0,HOLD,Not selected or failed hurdle/filter rules.
SDIV,offensive,24.219999313354492,0.059620081508498846,-0.01723228542533428,0.175360511225029,0.45633583068847655,False,True,True,-0.22063898083363043,-0.08681219212355323,-0.1338267887100772,-0.1327125847267443,False,False,True,0.0,False,DO NOT BUY,0.0,0.0,0.0,0.0,HOLD,Not selected or failed hurdle/filter rules.
SLV,offensive,61.52000045776367,0.5758196469020926,-0.01723228542533428,0.598134828386232,4.081999715169271,False,True,True,-2.5950288231874765,-0.9881577079169035,-1.606871115270573,-1.4389205709010326,False,False,True,0.0,False,DO NOT BUY,0.0,0.0,0.0,0.0,HOLD,Not selected or failed hurdle/filter rules.
SLVP,offensive,31.559999465942383,0.2729931361659821,-0.01723228542533428,0.5724931650974907,2.4739999135335284,False,True,True,-2.155987610941807,-0.9808127993456759,-1.1751748115961311,-0.9873520295530644,False,False,True,0.0,False,DO NOT BUY,0.0,0.0,0.0,0.0,HOLD,Not selected or failed hurdle/filter rules.
SMIN,offensive,59.4900016784668,-0.1927874863881095,-0.01723228542533428,0.1617809218557021,1.147332763671875,False,False,False,-1.6796976244082842,-1.3612383889641018,-0.3184592354441824,-0.821923392506481,False,False,True,0.0,False,DO NOT BUY,0.0,0.0,0.0,0.0,HOLD,Not selected or failed hurdle/filter rules.
SPLV,defensive,72.33999633789062,0.012340483004516845,-0.01723228542533428,0.11025014010263672,0.9793385823567708,False,False,True,-0.35109404202241024,0.12061523773276175,-0.47170927975517196,0.11736851995692721,False,False,True,0.0,False,DO NOT BUY,0.0,0.0,0.0,0.0,HOLD,Not selected or failed hurdle/filter rules.
SPY,offensive,648.5700073242188,-0.01723228542533428,-0.01723228542533428,0.13166945251311313,10.305655924479167,False,False,True,-7.358514704042591,-4.978531283930654,-2.3799834201119365,-6.3120882195443215,False,False,True,0.0,False,DO NOT BUY,0.0,0.0,0.0,0.0,HOLD,Not selected or failed hurdle/filter rules.
SPYD,offensive,44.68000030517578,0.03329416918875161,-0.01723228542533428,0.08690688971557331,0.6818000793457031,False,True,True,-0.3753951553708035,-0.07190736798237382,-0.30348778738842963,0.010154440585695923,False,False,True,0.0,False,DO NOT BUY,0.0,0.0,0.0,0.0,HOLD,Not selected or failed hurdle/filter rules.
SPYX,offensive,53.06999969482422,-0.027515706948832874,-0.01723228542533428,0.13739006363908296,0.8273338317871094,False,False,True,-0.6725206645686583,-0.46385621486368056,-0.20866444970497777,-0.5632002003829975,False,False,True,0.0,False,DO NOT BUY,0.0,0.0,0.0,0.0,HOLD,Not selected or failed hurdle/filter rules.
TDIV,offensive,93.95999908447266,-0.04474179730742689,-0.01723228542533428,0.17906776453867793,1.864666748046875,False,False,True,-0.976230571534515,-0.7125503566847,-0.26368021484981496,-0.9297783589148974,False,False,True,0.0,False,DO NOT BUY,0.0,0.0,0.0,0.0,HOLD,Not selected or failed hurdle/filter rules.
THD,offensive,65.19999694824219,0.08412150151294928,-0.01723228542533428,0.3149330061027645,1.9383341471354167,False,True,True,-0.5822783260398126,-0.04575162870478415,-0.5365266973350284,0.1448301188328247,False,False,True,0.0,False,DO NOT BUY,0.0,0.0,0.0,0.0,HOLD,Not selected or failed hurdle/filter rules.
TMFC,offensive,66.22000122070312,-0.05833061650267135,-0.01723228542533428,0.1480535859498594,1.0418665568033854,False,False,True,-0.7583762608800413,-0.5492326623355092,-0.20914359854453213,-0.8117727034557259,False,False,True,0.0,False,DO NOT BUY,0.0,0.0,0.0,0.0,HOLD,Not selected or failed hurdle/filter rules.
UAE,offensive,17.450000762939453,-0.09496982994032066,-0.01723228542533428,0.3006703145651054,0.6349998474121094,False,False,True,-0.8721028417298164,-0.6828076921873709,-0.18929514954244553,-0.3224059630399694,False,False,True,0.0,False,DO NOT BUY,0.0,0.0,0.0,0.0,HOLD,Not selected or failed hurdle/filter rules.
URA,offensive,46.439998626708984,-0.01564039582133603,-0.01723228542533428,0.4928755202215072,2.770666249593099,False,True,True,-1.262828925993773,-0.7414974881745092,-0.5213314378192638,-0.8394514335076959,False,False,True,0.0,False,DO NOT BUY,0.0,0.0,0.0,0.0,HOLD,Not selected or failed hurdle/filter rules.
VGK,offensive,79.18000030517578,0.014816427143032662,-0.01723228542533428,0.21062715991907008,1.9446370442708334,False,False,True,-1.6750833388266102,-1.107238998674576,-0.5678443401520341,-0.8541307111712202,False,False,True,0.0,False,DO NOT BUY,0.0,0.0,0.0,0.0,HOLD,Not selected or failed hurdle/filter rules.
VHT,offensive,269.0299987792969,0.06209533222982211,-0.01723228542533428,0.15312061073679883,4.61533203125,False,True,True,-4.682663452244242,-3.0346936793412036,-1.6479697729030383,-3.174162969562187,False,False,True,0.0,False,DO NOT BUY,0.0,0.0,0.0,0.0,HOLD,Not selected or failed hurdle/filter rules.
VIG,offensive,212.9600067138672,-0.006531040737535632,-0.01723228542533428,0.10383284029400017,3.0713348388671875,False,False,True,-2.837673571469111,-1.7990901653385274,-1.0385834061305834,-1.683974658151314,False,False,True,0.0,False,DO NOT BUY,0.0,0.0,0.0,0.0,HOLD,Not selected or failed hurdle/filter rules.
VNQ,defensive,88.75,-0.013473336877691033,-0.01723228542533428,0.1435242095063556,1.5973322550455729,False,False,True,-0.5194673080865329,0.07537259272748299,-0.5948399008140158,-0.06726558096179991,False,False,True,0.0,False,DO NOT BUY,0.0,0.0,0.0,0.0,HOLD,Not selected or failed hurdle/filter rules.
VNQI,offensive,44.2599983215332,-0.028619429816633568,-0.01723228542533428,0.18698016819753135,0.9766667683919271,False,False,True,-1.01997928879058,-0.6441904913780797,-0.3757887974125004,-0.3929530941784065,False,False,True,0.0,False,DO NOT BUY,0.0,0.0,0.0,0.0,HOLD,Not selected or failed hurdle/filter rules.
VOT,offensive,259.239990234375,-0.11206644155032375,-0.01723228542533428,0.19338549614737507,5.4413330078125,False,False,False,-3.6233887878304927,-2.6322255803117987,-0.991163207518694,-2.548912371058012,False,False,True,0.0,False,DO NOT BUY,0.0,0.0,0.0,0.0,HOLD,Not selected or failed hurdle/filter rules.
VPL,offensive,95.56999969482422,0.11276842491919559,-0.01723228542533428,0.312591517509653,3.203666178385417,False,True,True,-1.1218225669699393,-0.38843145956178493,-0.7333911074081544,-0.4162844976234199,False,False,True,0.0,False,DO NOT BUY,0.0,0.0,0.0,0.0,HOLD,Not selected or failed hurdle/filter rules.
VTV,defensive,194.52000427246094,0.05838595279379555,-0.01723228542533428,0.1074707103124504,2.8666666666666667,False,True,True,-1.773736506792659,-0.8652202756978421,-0.9085162310948168,-0.7609060095988713,False,False,True,0.0,False,DO NOT BUY,0.0,0.0,0.0,0.0,HOLD,Not selected or failed hurdle/filter rules.
VUG,offensive,440.29998779296875,-0.08159596027623639,-0.01723228542533428,0.16922330233847976,8.171333821614583,False,False,True,-5.882774351698686,-4.641000238501228,-1.241774113197458,-6.439172985831739,False,False,True,0.0,False,DO NOT BUY,0.0,0.0,0.0,0.0,HOLD,Not selected or failed hurdle/filter rules.
VWO,offensive,52.560001373291016,-0.006059748709646873,-0.01723228542533428,0.22212471215775245,1.2333264668782553,False,False,True,-0.8564279678617694,-0.5758652904086894,-0.28056267745308006,-0.5206927991921284,False,False,True,0.0,False,DO NOT BUY,0.0,0.0,0.0,0.0,HOLD,Not selected or failed hurdle/filter rules.
VWOB,offensive,65.19999694824219,0.005311418072514451,-0.01723228542533428,0.07597606836691259,0.502667236328125,False,False,True,-0.42697508981359533,-0.22914405949830513,-0.1978310303152902,-0.31713857476604623,False,False,True,0.0,False,DO NOT BUY,0.0,0.0,0.0,0.0,HOLD,Not selected or failed hurdle/filter rules.
VYMI,offensive,90.61000061035156,0.09398081071553555,-0.01723228542533428,0.19713900635051626,1.9505355834960938,False,True,True,-1.1118185636698428,-0.5367792384415775,-0.5750393252282653,-0.5033269812568606,False,False,True,0.0,False,DO NOT BUY,0.0,0.0,0.0,0.0,HOLD,Not selected or failed hurdle/filter rules.
WCLD,offensive,27.959999084472656,-0.2354389029861037,-0.01723228542533428,0.4090018476204314,0.9821935017903646,False,False,False,-0.2199123697791272,-0.3102715113859687,0.0903591416068415,-0.41928282380393145,False,False,True,0.0,False,DO NOT BUY,0.0,0.0,0.0,0.0,HOLD,Not selected or failed hurdle/filter rules.
XAR,offensive,258.8800048828125,0.14405836747894152,-0.01723228542533428,0.2717903440150639,8.536002604166667,False,True,True,-2.5508745584064627,-0.32633290314867947,-2.2245416552577835,-2.037823783118869,False,False,True,0.0,False,DO NOT BUY,0.0,0.0,0.0,0.0,HOLD,Not selected or failed hurdle/filter rules.
XBI,offensive,120.30999755859375,0.2629928883089514,-0.01723228542533428,0.26062685758798554,3.379326883951823,False,True,True,-0.9989525187881867,-0.448057576682956,-0.5508949421052307,-1.5357170099797575,False,False,True,0.0,False,DO NOT BUY,0.0,0.0,0.0,0.0,HOLD,Not selected or failed hurdle/filter rules.
XHB,offensive,96.2699966430664,-0.14554759862822286,-0.01723228542533428,0.21753586279324882,2.8186660766601563,False,False,True,-4.213088584721888,-3.148724727894387,-1.0643638568275007,-1.6048268876109615,False,False,True,0.0,False,DO NOT BUY,0.0,0.0,0.0,0.0,HOLD,Not selected or failed hurdle/filter rules.
XLB,offensive,46.97999954223633,0.04473426749435383,-0.01723228542533428,0.16035151039133355,1.0970001220703125,False,True,True,-0.8734798569754574,-0.3820746236100637,-0.49140523336539366,-0.09265187415906317,False,False,True,0.0,False,DO NOT BUY,0.0,0.0,0.0,0.0,HOLD,Not selected or failed hurdle/filter rules.
XLC,offensive,112.2300033569336,-0.05379780238525722,-0.01723228542533428,0.117533775457676,1.6822667439778647,False,False,True,-0.8427974675510228,-0.31992608704878667,-0.5228713805022361,-0.7560278217485046,False,False,True,0.0,False,DO NOT BUY,0.0,0.0,0.0,0.0,HOLD,Not selected or failed hurdle/filter rules.
XLF,offensive,49.08000183105469,-0.08914894584051491,-0.01723228542533428,0.18811889076097693,0.9373326619466146,False,False,False,-0.9746678350487628,-0.9213879124599949,-0.0532799225887679,-0.6674246573008805,False,False,False,0.0,False,DO NOT BUY,0.0,0.0,0.0,0.0,HOLD,Not selected or failed hurdle/filter rules.
XLI,offensive,161.6699981689453,0.06383189150670932,-0.01723228542533428,0.17369307408538065,3.5473317464192706,False,True,True,-1.9940713247984547,-0.6645193908042404,-1.3295519339942143,-0.48029515193004446,False,False,True,0.0,False,DO NOT BUY,0.0,0.0,0.0,0.0,HOLD,Not selected or failed hurdle/filter rules.
XLK,offensive,135.2899932861328,-0.027181083016900365,-0.01723228542533428,0.22439066149759,3.1698394775390626,False,False,True,-1.1150566865962617,-0.9945250489098896,-0.1205316376863721,-1.7785356089298108,False,False,True,0.0,False,DO NOT BUY,0.0,0.0,0.0,0.0,HOLD,Not selected or failed hurdle/filter rules.
XLP,defensive,81.29000091552734,0.03936089922284314,-0.01723228542533428,0.16050099597535944,1.3233327229817708,False,True,True,-0.9550318260311457,-0.24494421933177649,-0.7100876066993692,0.16377236098621872,False,False,True,0.0,False,DO NOT BUY,0.0,0.0,0.0,0.0,HOLD,Not selected or failed hurdle/filter rules.
XLU,defensive,44.650001525878906,0.06621109571954431,-0.01723228542533428,0.1826965427990078,0.833666737874349,False,True,True,0.2705660982187368,0.5604146583010515,-0.28984856008231474,0.15538639384638764,False,False,True,0.0,False,DO NOT BUY,0.0,0.0,0.0,0.0,HOLD,Not selected or failed hurdle/filter rules.
XLV,offensive,145.3300018310547,0.06793161046494478,-0.01723228542533428,0.15748096146074017,2.5050018310546873,False,True,True,-2.5317828553784807,-1.5702898250762987,-0.961493030302182,-1.5714191038133647,False,False,True,0.0,False,DO NOT BUY,0.0,0.0,0.0,0.0,HOLD,Not selected or failed hurdle/filter rules.
XLY,offensive,107.73999786376953,-0.10399007705774532,-0.01723228542533428,0.19653526279796224,2.4156672159830728,False,False,True,-2.1947380537945804,-1.7203536822797698,-0.4743843715148106,-1.6634592759215256,False,False,True,0.0,False,DO NOT BUY,0.0,0.0,0.0,0.0,HOLD,Not selected or failed hurdle/filter rules.
XME,offensive,101.7300033569336,0.12809916341528393,-0.01723228542533428,0.33164444212814453,4.784000142415365,False,True,True,-3.413220213929492,-2.2376024266592056,-1.1756177872702862,-2.5217843796997634,False,False,True,0.0,False,DO NOT BUY,0.0,0.0,0.0,0.0,HOLD,Not selected or failed hurdle/filter rules.
XRT,offensive,78.6500015258789,-0.09613948375292425,-0.01723228542533428,0.15791400280628431,1.9236668904622396,False,False,True,-2.1803974509643353,-1.7704649364174312,-0.40993251454690416,-1.2387126526951695,False,False,True,0.0,False,DO NOT BUY,0.0,0.0,0.0,0.0,HOLD,Not selected or failed hurdle/filter rules.
XSOE,offensive,39.459999084472656,0.05389437645647566,-0.01723228542533428,0.301604007797252,1.2272669474283855,False,True,True,-0.5352830472149677,-0.29933462441188907,-0.2359484228030786,-0.3222983966852879,False,False,True,0.0,False,DO NOT BUY,0.0,0.0,0.0,0.0,HOLD,Not selected or failed hurdle/filter rules.
XT,offensive,67.2300033569336,0.013383677615049105,-0.01723228542533428,0.18199426409951455,1.296467081705729,False,True,True,-0.8728963385755861,-0.5655126670869197,-0.3073836714886664,-0.7594206827157421,False,False,True,0.0,False,DO NOT BUY,0.0,0.0,0.0,0.0,HOLD,Not selected or failed hurdle/filter rules.
XYLD,offensive,39.189998626708984,0.04900980737325611,-0.01723228542533428,0.10991397494816053,0.5126668294270833,False,True,True,-0.204451716616596,-0.06967245770552778,-0.13477925891106823,-0.1758572872412354,False,False,True,0.0,False,DO NOT BUY,0.0,0.0,0.0,0.0,HOLD,Not selected or failed hurdle/filter rules.
